fila_en_cuadro,cuadro_origen,pagina_pdf,departamento,provincia_o_grupo,localidad_o_subtipo,rotulo_1_derivado_del_bloque,n_columnas,columna,valor,fragmentos_encabezado,es_ultima_columna,columna_rotulo_canonico,columna_codigo_canonico,tipo_columna,fila_id,fila_rotulo_canonico,fila_codigo_canonico,tipo_entidad,estructura_fila,fila_padre_id,nivel_jerarquia,es_hoja_jerarquia,departamento_derivado,gestion,revisado_manual
1,4.1.1,109,CIUDADES CAPITALES Y EL ALTO,JUZGADOS DE INSTRUCCIÓN,,False,11,col_01,8,"TRIBUNALES, SUCRE Sustancias Adolescencia Violencia materia.",False,Sucre,ciudad_sucre,otro,f001,Juzgados de Instrucción,juzgados_instruccion,juzgado,subtotal,f037,1,False,,2023,False
2,4.1.1,109,CIUDADES CAPITALES Y EL ALTO,Penal,,False,11,col_01,4,"TRIBUNALES, SUCRE Sustancias Adolescencia Violencia materia.",False,Sucre,ciudad_sucre,otro,f002,Juzgado de Instrucción Penal,juzgado_instruccion_penal,juzgado,detalle,f001,2,True,,2023,False
3,4.1.1,109,CIUDADES CAPITALES Y EL ALTO,Anticorrupción y Contra la Violencia hacia las mujeres,,False,11,col_01,4,"TRIBUNALES, SUCRE Sustancias Adolescencia Violencia materia.",False,Sucre,ciudad_sucre,otro,f003,Juzgado de Instrucción Anticorrupción y Contra la Violencia hacia las Mujeres,juzgado_instruccion_anticorrupcion_violencia_mujeres,juzgado,detalle,f001,2,True,,2023,False
6,4.1.1,109,CIUDADES CAPITALES Y EL ALTO,JUZGADOS DE PARTIDO Y TRIBUNALES,,False,11,col_01,15,"TRIBUNALES, SUCRE Sustancias Adolescencia Violencia materia.",False,Sucre,ciudad_sucre,otro,f006,Juzgados de Partido y Tribunales,juzgados_partido_tribunales,otro,subtotal,f037,1,False,,2023,False
9,4.1.1,109,CIUDADES CAPITALES Y EL ALTO,Trabajo y Seguridad Social y Adm. Coactivo Fiscal y Tributario,,False,11,col_01,4,"TRIBUNALES, SUCRE Sustancias Adolescencia Violencia materia.",False,Sucre,ciudad_sucre,otro,f009,Juzgado de Partido del Trabajo y Seguridad Social y Adm. Coactivo Fiscal y Tributario,juzgado_partido_trabajo_seguridad_social_adm_coactivo_fiscal_tributario,juzgado,detalle,f006,2,True,,2023,False
10,4.1.1,109,CIUDADES CAPITALES Y EL ALTO,Sentencia Penal,,False,11,col_01,6,"TRIBUNALES, SUCRE Sustancias Adolescencia Violencia materia.",False,Sucre,ciudad_sucre,otro,f010,Juzgado de Sentencia Penal,juzgado_sentencia_penal,juzgado,detalle,f006,2,True,,2023,False
11,4.1.1,109,CIUDADES CAPITALES Y EL ALTO,Sentencia Contra la Violencia hacia las Mujeres,,False,11,col_01,1,"TRIBUNALES, SUCRE Sustancias Adolescencia Violencia materia.",False,Sucre,ciudad_sucre,otro,f011,Juzgado de Sentencia Contra la Violencia hacia las Mujeres,juzgado_sentencia_violencia_mujeres,juzgado,detalle,f006,2,True,,2023,False
16,4.1.1,109,CIUDADES CAPITALES Y EL ALTO,Tribunal de Sentencia,,False,11,col_01,2,"TRIBUNALES, SUCRE Sustancias Adolescencia Violencia materia.",False,Sucre,ciudad_sucre,otro,f016,Tribunal de Sentencia,tribunal_sentencia,tribunal,detalle,f006,2,True,,2023,False
19,4.1.1,109,CIUDADES CAPITALES Y EL ALTO,Ejecución Penal,,False,11,col_01,1,"TRIBUNALES, SUCRE Sustancias Adolescencia Violencia materia.",False,Sucre,ciudad_sucre,otro,f019,Juzgado de Ejecución Penal,juzgado_ejecucion_penal,juzgado,detalle,f006,2,True,,2023,False
20,4.1.1,109,CIUDADES CAPITALES Y EL ALTO,Agroambientales,,False,11,col_01,1,"TRIBUNALES, SUCRE Sustancias Adolescencia Violencia materia.",False,Sucre,ciudad_sucre,otro,f020,Juzgado Agroambiental,juzgado_agroambiental,juzgado,detalle,f006,2,True,,2023,False
21,4.1.1,109,CIUDADES CAPITALES Y EL ALTO,JUZGADOS PUBLICOS,,False,11,col_01,27,"TRIBUNALES, SUCRE Sustancias Adolescencia Violencia materia.",False,Sucre,ciudad_sucre,otro,f021,Juzgados Públicos,juzgados_publicos,juzgado,subtotal,f037,1,False,,2023,False
22,4.1.1,109,CIUDADES CAPITALES Y EL ALTO,Civil y Comercial,,False,11,col_01,14,"TRIBUNALES, SUCRE Sustancias Adolescencia Violencia materia.",False,Sucre,ciudad_sucre,otro,f022,Juzgado Público Civil y Comercial,juzgado_publico_civil_comercial,juzgado,detalle,f021,2,True,,2023,False
23,4.1.1,109,CIUDADES CAPITALES Y EL ALTO,Familia,,False,11,col_01,10,"TRIBUNALES, SUCRE Sustancias Adolescencia Violencia materia.",False,Sucre,ciudad_sucre,otro,f023,Juzgado Público de Familia,juzgado_publico_familia,juzgado,detalle,f021,2,True,,2023,False
24,4.1.1,109,CIUDADES CAPITALES Y EL ALTO,Niñez y Adolescencia,,False,11,col_01,3,"TRIBUNALES, SUCRE Sustancias Adolescencia Violencia materia.",False,Sucre,ciudad_sucre,otro,f024,Juzgado Público de la Niñez y Adolescencia,juzgado_publico_ninez_adolescencia,juzgado,detalle,f021,2,True,,2023,False
25,4.1.1,109,CIUDADES CAPITALES Y EL ALTO,JUZGADOS MIXTOS,,False,11,col_01,0,"TRIBUNALES, SUCRE Sustancias Adolescencia Violencia materia.",False,Sucre,ciudad_sucre,otro,f025,Juzgados Mixtos,juzgados_mixtos,juzgado,subtotal,f037,1,False,,2023,False
29,4.1.1,109,CIUDADES CAPITALES Y EL ALTO,SALAS,,False,11,col_01,8,"TRIBUNALES, SUCRE Sustancias Adolescencia Violencia materia.",False,Sucre,ciudad_sucre,otro,f029,Salas,salas,sala,subtotal,f037,1,False,,2023,False
30,4.1.1,109,CIUDADES CAPITALES Y EL ALTO,Civil,,False,11,col_01,2,"TRIBUNALES, SUCRE Sustancias Adolescencia Violencia materia.",False,Sucre,ciudad_sucre,otro,f030,Sala Civil,sala_civil,sala,detalle,f029,2,True,,2023,False
31,4.1.1,109,CIUDADES CAPITALES Y EL ALTO,Penal,,False,11,col_01,2,"TRIBUNALES, SUCRE Sustancias Adolescencia Violencia materia.",False,Sucre,ciudad_sucre,otro,f031,Sala Penal,sala_penal,sala,detalle,f029,2,True,,2023,False
32,4.1.1,109,CIUDADES CAPITALES Y EL ALTO,Social Administrativa,,False,11,col_01,1,"TRIBUNALES, SUCRE Sustancias Adolescencia Violencia materia.",False,Sucre,ciudad_sucre,otro,f032,Sala Social Administrativa,sala_social_administrativa,sala,detalle,f029,2,True,,2023,False
33,4.1.1,109,CIUDADES CAPITALES Y EL ALTO,"Familia, Niñez y Adolescencia",,False,11,col_01,1,"TRIBUNALES, SUCRE Sustancias Adolescencia Violencia materia.",False,Sucre,ciudad_sucre,otro,f033,"Sala de Familia, Niñez y Adolescencia",sala_familia_ninez_adolescencia,sala,detalle,f029,2,True,,2023,False
34,4.1.1,109,CIUDADES CAPITALES Y EL ALTO,Constitucionales,,False,11,col_01,2,"TRIBUNALES, SUCRE Sustancias Adolescencia Violencia materia.",False,Sucre,ciudad_sucre,otro,f034,Sala Constitucional,sala_constitucional,sala,detalle,f029,2,True,,2023,False
35,4.1.1,109,CIUDADES CAPITALES Y EL ALTO,JUZGADOS DISCIPLINARIOS,,False,11,col_01,2,"TRIBUNALES, SUCRE Sustancias Adolescencia Violencia materia.",False,Sucre,ciudad_sucre,otro,f035,Juzgados Disciplinarios,juzgados_disciplinarios,juzgado,detalle,f037,1,True,,2023,False
36,4.1.1,109,CIUDADES CAPITALES Y EL ALTO,CONCILIADORES,,False,11,col_01,5,"TRIBUNALES, SUCRE Sustancias Adolescencia Violencia materia.",False,Sucre,ciudad_sucre,otro,f036,Conciliadores,conciliadores,conciliador,detalle,f037,1,True,,2023,False
37,4.1.1,109,CIUDADES CAPITALES Y EL ALTO,TOTAL GENERAL,,False,11,col_01,65,"TRIBUNALES, SUCRE Sustancias Adolescencia Violencia materia.",False,Sucre,ciudad_sucre,otro,f037,Total general,total_general,otro,total_general,,0,False,,2023,False
1,4.1.2,110,CHUQUISACA,Oropeza,Yotala,False,13,col_01,9081,CHUQUISACA: Y CONCILIADORES POBLACIÓN PROYECTADA AL 2022,False,Población proyectada al 2022,poblacion_proyectada_2022,poblacion,,,,,,,,,Chuquisaca,2023,False
2,4.1.2,110,CHUQUISACA,Oropeza,Poroma,False,13,col_01,15777,CHUQUISACA: Y CONCILIADORES POBLACIÓN PROYECTADA AL 2022,False,Población proyectada al 2022,poblacion_proyectada_2022,poblacion,,,,,,,,,Chuquisaca,2023,False
3,4.1.2,110,CHUQUISACA,Azurduy,Azurduy,False,13,col_01,11166,CHUQUISACA: Y CONCILIADORES POBLACIÓN PROYECTADA AL 2022,False,Población proyectada al 2022,poblacion_proyectada_2022,poblacion,,,,,,,,,Chuquisaca,2023,False
4,4.1.2,110,CHUQUISACA,Azurduy,Tarvita,False,13,col_01,13876,CHUQUISACA: Y CONCILIADORES POBLACIÓN PROYECTADA AL 2022,False,Población proyectada al 2022,poblacion_proyectada_2022,poblacion,,,,,,,,,Chuquisaca,2023,False
5,4.1.2,110,CHUQUISACA,Zudañez,Zudañez,False,13,col_01,7640,CHUQUISACA: Y CONCILIADORES POBLACIÓN PROYECTADA AL 2022,False,Población proyectada al 2022,poblacion_proyectada_2022,poblacion,,,,,,,,,Chuquisaca,2023,False
6,4.1.2,110,CHUQUISACA,Zudañez,Redención Pampa,False,13,col_01,7805,CHUQUISACA: Y CONCILIADORES POBLACIÓN PROYECTADA AL 2022,False,Población proyectada al 2022,poblacion_proyectada_2022,poblacion,,,,,,,,,Chuquisaca,2023,False
7,4.1.2,110,CHUQUISACA,Tomina,Padillla,False,13,col_01,10212,CHUQUISACA: Y CONCILIADORES POBLACIÓN PROYECTADA AL 2022,False,Población proyectada al 2022,poblacion_proyectada_2022,poblacion,,,,,,,,,Chuquisaca,2023,False
8,4.1.2,110,CHUQUISACA,Tomina,Tomina,False,13,col_01,9006,CHUQUISACA: Y CONCILIADORES POBLACIÓN PROYECTADA AL 2022,False,Población proyectada al 2022,poblacion_proyectada_2022,poblacion,,,,,,,,,Chuquisaca,2023,False
9,4.1.2,110,CHUQUISACA,Tomina,Sopachuy,False,13,col_01,6067,CHUQUISACA: Y CONCILIADORES POBLACIÓN PROYECTADA AL 2022,False,Población proyectada al 2022,poblacion_proyectada_2022,poblacion,,,,,,,,,Chuquisaca,2023,False
10,4.1.2,110,CHUQUISACA,Hernando Siles Monteagudo,,False,13,col_01,25120,CHUQUISACA: Y CONCILIADORES POBLACIÓN PROYECTADA AL 2022,False,Población proyectada al 2022,poblacion_proyectada_2022,poblacion,,,,,,,,,Chuquisaca,2023,False
11,4.1.2,110,CHUQUISACA,Hernando Siles Huacareta,,False,13,col_01,8244,CHUQUISACA: Y CONCILIADORES POBLACIÓN PROYECTADA AL 2022,False,Población proyectada al 2022,poblacion_proyectada_2022,poblacion,,,,,,,,,Chuquisaca,2023,False
12,4.1.2,110,CHUQUISACA,Yamparaez,Tarabuco,False,13,col_01,15342,CHUQUISACA: Y CONCILIADORES POBLACIÓN PROYECTADA AL 2022,False,Población proyectada al 2022,poblacion_proyectada_2022,poblacion,,,,,,,,,Chuquisaca,2023,False
13,4.1.2,110,CHUQUISACA,Nor Cinti,Camargo,False,13,col_01,15522,CHUQUISACA: Y CONCILIADORES POBLACIÓN PROYECTADA AL 2022,False,Población proyectada al 2022,poblacion_proyectada_2022,poblacion,,,,,,,,,Chuquisaca,2023,False
14,4.1.2,110,CHUQUISACA,Nor Cinti,San Lucas,False,13,col_01,31389,CHUQUISACA: Y CONCILIADORES POBLACIÓN PROYECTADA AL 2022,False,Población proyectada al 2022,poblacion_proyectada_2022,poblacion,,,,,,,,,Chuquisaca,2023,False
15,4.1.2,110,CHUQUISACA,Nor Cinti,Incahuasi,False,13,col_01,12587,CHUQUISACA: Y CONCILIADORES POBLACIÓN PROYECTADA AL 2022,False,Población proyectada al 2022,poblacion_proyectada_2022,poblacion,,,,,,,,,Chuquisaca,2023,False
16,4.1.2,110,CHUQUISACA,Belisario Boeto Villa Serrano,,False,13,col_01,10227,CHUQUISACA: Y CONCILIADORES POBLACIÓN PROYECTADA AL 2022,False,Población proyectada al 2022,poblacion_proyectada_2022,poblacion,,,,,,,,,Chuquisaca,2023,False
17,4.1.2,110,CHUQUISACA,Sud Cinti,Villa Abecia (Camataqui),False,13,col_01,3298,CHUQUISACA: Y CONCILIADORES POBLACIÓN PROYECTADA AL 2022,False,Población proyectada al 2022,poblacion_proyectada_2022,poblacion,,,,,,,,,Chuquisaca,2023,False
18,4.1.2,110,CHUQUISACA,Sud Cinti,Culpina,False,13,col_01,17303,CHUQUISACA: Y CONCILIADORES POBLACIÓN PROYECTADA AL 2022,False,Población proyectada al 2022,poblacion_proyectada_2022,poblacion,,,,,,,,,Chuquisaca,2023,False
19,4.1.2,110,CHUQUISACA,Luís Calvo,Muyupampa (Villa Vaca,False,13,col_01,9448,CHUQUISACA: Y CONCILIADORES POBLACIÓN PROYECTADA AL 2022,False,Población proyectada al 2022,poblacion_proyectada_2022,poblacion,,,,,,,,,Chuquisaca,2023,False
20,4.1.2,110,CHUQUISACA,Luís Calvo,Macharetí,False,13,col_01,7137,CHUQUISACA: Y CONCILIADORES POBLACIÓN PROYECTADA AL 2022,False,Población proyectada al 2022,poblacion_proyectada_2022,poblacion,,,,,,,,,Chuquisaca,2023,False
21,4.1.2,110,CHUQUISACA,TOTALES,,False,13,col_01,246247,CHUQUISACA: Y CONCILIADORES POBLACIÓN PROYECTADA AL 2022,False,Población proyectada al 2022,poblacion_proyectada_2022,poblacion,,,,,,,,,Chuquisaca,2023,False
1,4.1.3,111,LA PAZ,Murillo,Achocalla,False,12,col_01,19995,LA PAZ: TRIBUNALES POBLACIÓN PROYECTADA 2022,False,Población proyectada al 2022,poblacion_proyectada_2022,poblacion,,,,,,,,,La Paz,2023,False
2,4.1.3,111,LA PAZ,Omasuyos,Achacahi,False,12,col_01,35964,LA PAZ: TRIBUNALES POBLACIÓN PROYECTADA 2022,False,Población proyectada al 2022,poblacion_proyectada_2022,poblacion,,,,,,,,,La Paz,2023,False
3,4.1.3,111,LA PAZ,Pacajes,Coro Coro,False,12,col_01,9481,LA PAZ: TRIBUNALES POBLACIÓN PROYECTADA 2022,False,Población proyectada al 2022,poblacion_proyectada_2022,poblacion,,,,,,,,,La Paz,2023,False
4,4.1.3,111,LA PAZ,Camacho,Puerto Acosta,False,12,col_01,10350,LA PAZ: TRIBUNALES POBLACIÓN PROYECTADA 2022,False,Población proyectada al 2022,poblacion_proyectada_2022,poblacion,,,,,,,,,La Paz,2023,False
5,4.1.3,111,LA PAZ,Camacho,Moco Moco,False,12,col_01,12658,LA PAZ: TRIBUNALES POBLACIÓN PROYECTADA 2022,False,Población proyectada al 2022,poblacion_proyectada_2022,poblacion,,,,,,,,,La Paz,2023,False
6,4.1.3,111,LA PAZ,Camacho,Puerto Carabuco,False,12,col_01,9756,LA PAZ: TRIBUNALES POBLACIÓN PROYECTADA 2022,False,Población proyectada al 2022,poblacion_proyectada_2022,poblacion,,,,,,,,,La Paz,2023,False
7,4.1.3,111,LA PAZ,Muñecas,Chuma,False,12,col_01,9888,LA PAZ: TRIBUNALES POBLACIÓN PROYECTADA 2022,False,Población proyectada al 2022,poblacion_proyectada_2022,poblacion,,,,,,,,,La Paz,2023,False
8,4.1.3,111,LA PAZ,Larecaja,Sorata,False,12,col_01,18043,LA PAZ: TRIBUNALES POBLACIÓN PROYECTADA 2022,False,Población proyectada al 2022,poblacion_proyectada_2022,poblacion,,,,,,,,,La Paz,2023,False
9,4.1.3,111,LA PAZ,Larecaja,Guanay,False,12,col_01,13711,LA PAZ: TRIBUNALES POBLACIÓN PROYECTADA 2022,False,Población proyectada al 2022,poblacion_proyectada_2022,poblacion,,,,,,,,,La Paz,2023,False
10,4.1.3,111,LA PAZ,Franz Tamayo,Apolo,False,12,col_01,17423,LA PAZ: TRIBUNALES POBLACIÓN PROYECTADA 2022,False,Población proyectada al 2022,poblacion_proyectada_2022,poblacion,,,,,,,,,La Paz,2023,False
11,4.1.3,111,LA PAZ,Ingavi,Viacha,False,12,col_01,85172,LA PAZ: TRIBUNALES POBLACIÓN PROYECTADA 2022,False,Población proyectada al 2022,poblacion_proyectada_2022,poblacion,,,,,,,,,La Paz,2023,False
12,4.1.3,111,LA PAZ,Ingavi,Guaqui,False,12,col_01,7728,LA PAZ: TRIBUNALES POBLACIÓN PROYECTADA 2022,False,Población proyectada al 2022,poblacion_proyectada_2022,poblacion,,,,,,,,,La Paz,2023,False
13,4.1.3,111,LA PAZ,Ingavi,San Andres de Machaca,False,12,col_01,5983,LA PAZ: TRIBUNALES POBLACIÓN PROYECTADA 2022,False,Población proyectada al 2022,poblacion_proyectada_2022,poblacion,,,,,,,,,La Paz,2023,False
14,4.1.3,111,LA PAZ,Loayza,Luribay,False,12,col_01,10196,LA PAZ: TRIBUNALES POBLACIÓN PROYECTADA 2022,False,Población proyectada al 2022,poblacion_proyectada_2022,poblacion,,,,,,,,,La Paz,2023,False
15,4.1.3,111,LA PAZ,Loayza,Sapahaqui,False,12,col_01,10185,LA PAZ: TRIBUNALES POBLACIÓN PROYECTADA 2022,False,Población proyectada al 2022,poblacion_proyectada_2022,poblacion,,,,,,,,,La Paz,2023,False
16,4.1.3,111,LA PAZ,Inquisivi,Inquisivi,False,12,col_01,12401,LA PAZ: TRIBUNALES POBLACIÓN PROYECTADA 2022,False,Población proyectada al 2022,poblacion_proyectada_2022,poblacion,,,,,,,,,La Paz,2023,False
17,4.1.3,111,LA PAZ,Inquisivi,Quime,False,12,col_01,8504,LA PAZ: TRIBUNALES POBLACIÓN PROYECTADA 2022,False,Población proyectada al 2022,poblacion_proyectada_2022,poblacion,,,,,,,,,La Paz,2023,False
18,4.1.3,111,LA PAZ,Inquisivi,Colquiri,False,12,col_01,17202,LA PAZ: TRIBUNALES POBLACIÓN PROYECTADA 2022,False,Población proyectada al 2022,poblacion_proyectada_2022,poblacion,,,,,,,,,La Paz,2023,False
19,4.1.3,111,LA PAZ,Sud Yungas,Chulumani,False,12,col_01,17501,LA PAZ: TRIBUNALES POBLACIÓN PROYECTADA 2022,False,Población proyectada al 2022,poblacion_proyectada_2022,poblacion,,,,,,,,,La Paz,2023,False
20,4.1.3,111,LA PAZ,Sud Yungas,Palos Blancos,False,12,col_01,24074,LA PAZ: TRIBUNALES POBLACIÓN PROYECTADA 2022,False,Población proyectada al 2022,poblacion_proyectada_2022,poblacion,,,,,,,,,La Paz,2023,False
21,4.1.3,111,LA PAZ,Sud Yungas,La Asunta,False,12,col_01,39616,LA PAZ: TRIBUNALES POBLACIÓN PROYECTADA 2022,False,Población proyectada al 2022,poblacion_proyectada_2022,poblacion,,,,,,,,,La Paz,2023,False
22,4.1.3,111,LA PAZ,Los Andes,Pucarani,False,12,col_01,24795,LA PAZ: TRIBUNALES POBLACIÓN PROYECTADA 2022,False,Población proyectada al 2022,poblacion_proyectada_2022,poblacion,,,,,,,,,La Paz,2023,False
23,4.1.3,111,LA PAZ,Aroma,Sica Sica,False,12,col_01,20598,LA PAZ: TRIBUNALES POBLACIÓN PROYECTADA 2022,False,Población proyectada al 2022,poblacion_proyectada_2022,poblacion,,,,,,,,,La Paz,2023,False
24,4.1.3,111,LA PAZ,Aroma,Patacamaya,False,12,col_01,22303,LA PAZ: TRIBUNALES POBLACIÓN PROYECTADA 2022,False,Población proyectada al 2022,poblacion_proyectada_2022,poblacion,,,,,,,,,La Paz,2023,False
25,4.1.3,111,LA PAZ,Nor Yungas,Coroico,False,12,col_01,16599,LA PAZ: TRIBUNALES POBLACIÓN PROYECTADA 2022,False,Población proyectada al 2022,poblacion_proyectada_2022,poblacion,,,,,,,,,La Paz,2023,False
26,4.1.3,111,LA PAZ,Abel Iturralde,Ixiamas,False,12,col_01,9690,LA PAZ: TRIBUNALES POBLACIÓN PROYECTADA 2022,False,Población proyectada al 2022,poblacion_proyectada_2022,poblacion,,,,,,,,,La Paz,2023,False
27,4.1.3,111,LA PAZ,Baptista Saavedra Charazani (Gral. Juan J. P,,False,12,col_01,9267,LA PAZ: TRIBUNALES POBLACIÓN PROYECTADA 2022,False,Población proyectada al 2022,poblacion_proyectada_2022,poblacion,,,,,,,,,La Paz,2023,False
28,4.1.3,111,LA PAZ,Manco Kapac,Copacabana,False,12,col_01,12575,LA PAZ: TRIBUNALES POBLACIÓN PROYECTADA 2022,False,Población proyectada al 2022,poblacion_proyectada_2022,poblacion,,,,,,,,,La Paz,2023,False
29,4.1.3,111,LA PAZ,Caranavi,Caranavi,False,12,col_01,45500,LA PAZ: TRIBUNALES POBLACIÓN PROYECTADA 2022,False,Población proyectada al 2022,poblacion_proyectada_2022,poblacion,,,,,,,,,La Paz,2023,False
30,4.1.3,111,LA PAZ,TOTALES,,False,12,col_01,557158,LA PAZ: TRIBUNALES POBLACIÓN PROYECTADA 2022,False,Población proyectada al 2022,poblacion_proyectada_2022,poblacion,,,,,,,,,La Paz,2023,False
1,4.1.4,112,COCHABAMBA,Campero,Aiquile,False,19,col_01,21190,TRIBUNALES Tribunal POBLACIÓN PROYECTADA AL 2022,False,Población proyectada al 2022,poblacion_proyectada_2022,poblacion,,,,,,,,,Cochabamba,2023,False
2,4.1.4,112,COCHABAMBA,Ayopaya,Independencia,False,19,col_01,22493,TRIBUNALES Tribunal POBLACIÓN PROYECTADA AL 2022,False,Población proyectada al 2022,poblacion_proyectada_2022,poblacion,,,,,,,,,Cochabamba,2023,False
3,4.1.4,112,COCHABAMBA,Ayopaya,Morochata,False,19,col_01,10555,TRIBUNALES Tribunal POBLACIÓN PROYECTADA AL 2022,False,Población proyectada al 2022,poblacion_proyectada_2022,poblacion,,,,,,,,,Cochabamba,2023,False
4,4.1.4,112,COCHABAMBA,Esteban Arce,Tarata,False,19,col_01,10033,TRIBUNALES Tribunal POBLACIÓN PROYECTADA AL 2022,False,Población proyectada al 2022,poblacion_proyectada_2022,poblacion,,,,,,,,,Cochabamba,2023,False
5,4.1.4,112,COCHABAMBA,Esteban Arce,Anzaldo,False,19,col_01,5182,TRIBUNALES Tribunal POBLACIÓN PROYECTADA AL 2022,False,Población proyectada al 2022,poblacion_proyectada_2022,poblacion,,,,,,,,,Cochabamba,2023,False
6,4.1.4,112,COCHABAMBA,Arani,Arani,False,19,col_01,9294,TRIBUNALES Tribunal POBLACIÓN PROYECTADA AL 2022,False,Población proyectada al 2022,poblacion_proyectada_2022,poblacion,,,,,,,,,Cochabamba,2023,False
7,4.1.4,112,COCHABAMBA,Arque,Arque,False,19,col_01,9987,TRIBUNALES Tribunal POBLACIÓN PROYECTADA AL 2022,False,Población proyectada al 2022,poblacion_proyectada_2022,poblacion,,,,,,,,,Cochabamba,2023,False
8,4.1.4,112,COCHABAMBA,Capinota,Capinota,False,19,col_01,21252,TRIBUNALES Tribunal POBLACIÓN PROYECTADA AL 2022,False,Población proyectada al 2022,poblacion_proyectada_2022,poblacion,,,,,,,,,Cochabamba,2023,False
9,4.1.4,112,COCHABAMBA,Capinota,Santiváñez,False,19,col_01,6722,TRIBUNALES Tribunal POBLACIÓN PROYECTADA AL 2022,False,Población proyectada al 2022,poblacion_proyectada_2022,poblacion,,,,,,,,,Cochabamba,2023,False
10,4.1.4,112,COCHABAMBA,German Jordán Cliza,,False,19,col_01,22402,TRIBUNALES Tribunal POBLACIÓN PROYECTADA AL 2022,False,Población proyectada al 2022,poblacion_proyectada_2022,poblacion,,,,,,,,,Cochabamba,2023,False
11,4.1.4,112,COCHABAMBA,Quillacollo,Quillacollo,False,19,col_01,185142,TRIBUNALES Tribunal POBLACIÓN PROYECTADA AL 2022,False,Población proyectada al 2022,poblacion_proyectada_2022,poblacion,,,,,,,,,Cochabamba,2023,False
12,4.1.4,112,COCHABAMBA,Quillacollo,Sipe Sipe,False,19,col_01,48275,TRIBUNALES Tribunal POBLACIÓN PROYECTADA AL 2022,False,Población proyectada al 2022,poblacion_proyectada_2022,poblacion,,,,,,,,,Cochabamba,2023,False
13,4.1.4,112,COCHABAMBA,Quillacollo,Colcapirhua,False,19,col_01,64061,TRIBUNALES Tribunal POBLACIÓN PROYECTADA AL 2022,False,Población proyectada al 2022,poblacion_proyectada_2022,poblacion,,,,,,,,,Cochabamba,2023,False
14,4.1.4,112,COCHABAMBA,Quillacollo,Tiquipaya,False,19,col_01,60239,TRIBUNALES Tribunal POBLACIÓN PROYECTADA AL 2022,False,Población proyectada al 2022,poblacion_proyectada_2022,poblacion,,,,,,,,,Cochabamba,2023,False
15,4.1.4,112,COCHABAMBA,Quillacollo,Vinto,False,19,col_01,52945,TRIBUNALES Tribunal POBLACIÓN PROYECTADA AL 2022,False,Población proyectada al 2022,poblacion_proyectada_2022,poblacion,,,,,,,,,Cochabamba,2023,False
16,4.1.4,112,COCHABAMBA,Chapare,Sacaba,False,19,col_01,184593,TRIBUNALES Tribunal POBLACIÓN PROYECTADA AL 2022,False,Población proyectada al 2022,poblacion_proyectada_2022,poblacion,,,,,,,,,Cochabamba,2023,False
17,4.1.4,112,COCHABAMBA,Chapare,Villa Tunari,False,19,col_01,21131,TRIBUNALES Tribunal POBLACIÓN PROYECTADA AL 2022,False,Población proyectada al 2022,poblacion_proyectada_2022,poblacion,,,,,,,,,Cochabamba,2023,False
18,4.1.4,112,COCHABAMBA,Chapare,Colomi,False,19,col_01,86437,TRIBUNALES Tribunal POBLACIÓN PROYECTADA AL 2022,False,Población proyectada al 2022,poblacion_proyectada_2022,poblacion,,,,,,,,,Cochabamba,2023,False
19,4.1.4,112,COCHABAMBA,Tapacari,Tapacari,False,19,col_01,22769,TRIBUNALES Tribunal POBLACIÓN PROYECTADA AL 2022,False,Población proyectada al 2022,poblacion_proyectada_2022,poblacion,,,,,,,,,Cochabamba,2023,False
20,4.1.4,112,COCHABAMBA,Carrasco,Totora,False,19,col_01,15988,TRIBUNALES Tribunal POBLACIÓN PROYECTADA AL 2022,False,Población proyectada al 2022,poblacion_proyectada_2022,poblacion,,,,,,,,,Cochabamba,2023,False
21,4.1.4,112,COCHABAMBA,Carrasco,Chimore,False,19,col_01,25616,TRIBUNALES Tribunal POBLACIÓN PROYECTADA AL 2022,False,Población proyectada al 2022,poblacion_proyectada_2022,poblacion,,,,,,,,,Cochabamba,2023,False
22,4.1.4,112,COCHABAMBA,Carrasco,Ivirgarzama,False,19,col_01,62832,TRIBUNALES Tribunal POBLACIÓN PROYECTADA AL 2022,False,Población proyectada al 2022,poblacion_proyectada_2022,poblacion,,,,,,,,,Cochabamba,2023,False
23,4.1.4,112,COCHABAMBA,Carrasco,Entre Rios,False,19,col_01,38381,TRIBUNALES Tribunal POBLACIÓN PROYECTADA AL 2022,False,Población proyectada al 2022,poblacion_proyectada_2022,poblacion,,,,,,,,,Cochabamba,2023,False
24,4.1.4,112,COCHABAMBA,Mizque,Mizque,False,19,col_01,28417,TRIBUNALES Tribunal POBLACIÓN PROYECTADA AL 2022,False,Población proyectada al 2022,poblacion_proyectada_2022,poblacion,,,,,,,,,Cochabamba,2023,False
25,4.1.4,112,COCHABAMBA,Punata,Punata,False,19,col_01,46901,TRIBUNALES Tribunal POBLACIÓN PROYECTADA AL 2022,False,Población proyectada al 2022,poblacion_proyectada_2022,poblacion,,,,,,,,,Cochabamba,2023,False
26,4.1.4,112,COCHABAMBA,Tiraque,Tiraque,False,19,col_01,21201,TRIBUNALES Tribunal POBLACIÓN PROYECTADA AL 2022,False,Población proyectada al 2022,poblacion_proyectada_2022,poblacion,,,,,,,,,Cochabamba,2023,False
27,4.1.4,112,COCHABAMBA,Tiraque,Shinahota,False,19,col_01,26283,TRIBUNALES Tribunal POBLACIÓN PROYECTADA AL 2022,False,Población proyectada al 2022,poblacion_proyectada_2022,poblacion,,,,,,,,,Cochabamba,2023,False
28,4.1.4,112,COCHABAMBA,TOTALES,,False,19,col_01,1130321,TRIBUNALES Tribunal POBLACIÓN PROYECTADA AL 2022,False,Población proyectada al 2022,poblacion_proyectada_2022,poblacion,,,,,,,,,Cochabamba,2023,False
1,4.1.5,113,ORURO,Cercado,Caracollo,False,9,col_01,21177,NÚMERO DE CONCILIADORES POBLACIÓN PROYECTADA AL 2022,False,Población proyectada al 2022,poblacion_proyectada_2022,poblacion,,,,,,,,,Oruro,2023,False
2,4.1.5,113,ORURO,Avaroa,Challapata,False,9,col_01,33015,NÚMERO DE CONCILIADORES POBLACIÓN PROYECTADA AL 2022,False,Población proyectada al 2022,poblacion_proyectada_2022,poblacion,,,,,,,,,Oruro,2023,False
3,4.1.5,113,ORURO,Carangas,Corque,False,9,col_01,7704,NÚMERO DE CONCILIADORES POBLACIÓN PROYECTADA AL 2022,False,Población proyectada al 2022,poblacion_proyectada_2022,poblacion,,,,,,,,,Oruro,2023,False
4,4.1.5,113,ORURO,Sajama,Curahuara de Carangas,False,9,col_01,4252,NÚMERO DE CONCILIADORES POBLACIÓN PROYECTADA AL 2022,False,Población proyectada al 2022,poblacion_proyectada_2022,poblacion,,,,,,,,,Oruro,2023,False
5,4.1.5,113,ORURO,Litoral,Huachacalla,False,9,col_01,1465,NÚMERO DE CONCILIADORES POBLACIÓN PROYECTADA AL 2022,False,Población proyectada al 2022,poblacion_proyectada_2022,poblacion,,,,,,,,,Oruro,2023,False
6,4.1.5,113,ORURO,Poopó,Poopó,False,9,col_01,6959,NÚMERO DE CONCILIADORES POBLACIÓN PROYECTADA AL 2022,False,Población proyectada al 2022,poblacion_proyectada_2022,poblacion,,,,,,,,,Oruro,2023,False
7,4.1.5,113,ORURO,Pantaleón Dalence,Huanuni,False,9,col_01,25625,NÚMERO DE CONCILIADORES POBLACIÓN PROYECTADA AL 2022,False,Población proyectada al 2022,poblacion_proyectada_2022,poblacion,,,,,,,,,Oruro,2023,False
8,4.1.5,113,ORURO,Ladislao Cabrera,Salinas de Garci Mendoza,False,9,col_01,9776,NÚMERO DE CONCILIADORES POBLACIÓN PROYECTADA AL 2022,False,Población proyectada al 2022,poblacion_proyectada_2022,poblacion,,,,,,,,,Oruro,2023,False
9,4.1.5,113,ORURO,Atahuallpa,Sabaya,False,9,col_01,6365,NÚMERO DE CONCILIADORES POBLACIÓN PROYECTADA AL 2022,False,Población proyectada al 2022,poblacion_proyectada_2022,poblacion,,,,,,,,,Oruro,2023,False
10,4.1.5,113,ORURO,Tomas Barrón,Eucaliptos,False,9,col_01,5100,NÚMERO DE CONCILIADORES POBLACIÓN PROYECTADA AL 2022,False,Población proyectada al 2022,poblacion_proyectada_2022,poblacion,,,,,,,,,Oruro,2023,False
11,4.1.5,113,ORURO,Sebastián Pagador,Santiago de Huari,False,9,col_01,9899,NÚMERO DE CONCILIADORES POBLACIÓN PROYECTADA AL 2022,False,Población proyectada al 2022,poblacion_proyectada_2022,poblacion,,,,,,,,,Oruro,2023,False
12,4.1.5,113,ORURO,Sud Carangas,Orinoca,False,9,col_01,5380,NÚMERO DE CONCILIADORES POBLACIÓN PROYECTADA AL 2022,False,Población proyectada al 2022,poblacion_proyectada_2022,poblacion,,,,,,,,,Oruro,2023,False
13,4.1.5,113,ORURO,TOTALES,,False,9,col_01,136717,NÚMERO DE CONCILIADORES POBLACIÓN PROYECTADA AL 2022,False,Población proyectada al 2022,poblacion_proyectada_2022,poblacion,,,,,,,,,Oruro,2023,False
1,4.1.6,114,POTOSI,Tomás Frías,Tinguipaya,False,12,col_01,23008,POTOSI: TRIBUNALES Y POBLACIÓN PROYECTAD A 2022,False,Población proyectada al 2022,poblacion_proyectada_2022,poblacion,,,,,,,,,Potosí,2023,False
2,4.1.6,114,POTOSI,Rafael Bustillos,Uncía,False,12,col_01,23072,POTOSI: TRIBUNALES Y POBLACIÓN PROYECTAD A 2022,False,Población proyectada al 2022,poblacion_proyectada_2022,poblacion,,,,,,,,,Potosí,2023,False
3,4.1.6,114,POTOSI,Rafael Bustillos,Llallagua,False,12,col_01,50922,POTOSI: TRIBUNALES Y POBLACIÓN PROYECTAD A 2022,False,Población proyectada al 2022,poblacion_proyectada_2022,poblacion,,,,,,,,,Potosí,2023,False
4,4.1.6,114,POTOSI,Cornelio Saavedra,Betanzos,False,12,col_01,32736,POTOSI: TRIBUNALES Y POBLACIÓN PROYECTAD A 2022,False,Población proyectada al 2022,poblacion_proyectada_2022,poblacion,,,,,,,,,Potosí,2023,False
5,4.1.6,114,POTOSI,Chayanta,Colquechaca,False,12,col_01,36106,POTOSI: TRIBUNALES Y POBLACIÓN PROYECTAD A 2022,False,Población proyectada al 2022,poblacion_proyectada_2022,poblacion,,,,,,,,,Potosí,2023,False
6,4.1.6,114,POTOSI,Chayanta,Ravelo,False,12,col_01,18362,POTOSI: TRIBUNALES Y POBLACIÓN PROYECTAD A 2022,False,Población proyectada al 2022,poblacion_proyectada_2022,poblacion,,,,,,,,,Potosí,2023,False
7,4.1.6,114,POTOSI,Chayanta,Ocurí,False,12,col_01,15366,POTOSI: TRIBUNALES Y POBLACIÓN PROYECTAD A 2022,False,Población proyectada al 2022,poblacion_proyectada_2022,poblacion,,,,,,,,,Potosí,2023,False
8,4.1.6,114,POTOSI,Chayanta,Pocoata,False,12,col_01,25531,POTOSI: TRIBUNALES Y POBLACIÓN PROYECTAD A 2022,False,Población proyectada al 2022,poblacion_proyectada_2022,poblacion,,,,,,,,,Potosí,2023,False
9,4.1.6,114,POTOSI,Charcas,S.P. De Buena Vista,False,12,col_01,30981,POTOSI: TRIBUNALES Y POBLACIÓN PROYECTAD A 2022,False,Población proyectada al 2022,poblacion_proyectada_2022,poblacion,,,,,,,,,Potosí,2023,False
10,4.1.6,114,POTOSI,Charcas,Toro Toro,False,12,col_01,12484,POTOSI: TRIBUNALES Y POBLACIÓN PROYECTAD A 2022,False,Población proyectada al 2022,poblacion_proyectada_2022,poblacion,,,,,,,,,Potosí,2023,False
11,4.1.6,114,POTOSI,Nor Chichas,Cotagaita,False,12,col_01,25826,POTOSI: TRIBUNALES Y POBLACIÓN PROYECTAD A 2022,False,Población proyectada al 2022,poblacion_proyectada_2022,poblacion,,,,,,,,,Potosí,2023,False
12,4.1.6,114,POTOSI,Nor Chichas,Vitichi,False,12,col_01,9151,POTOSI: TRIBUNALES Y POBLACIÓN PROYECTAD A 2022,False,Población proyectada al 2022,poblacion_proyectada_2022,poblacion,,,,,,,,,Potosí,2023,False
13,4.1.6,114,POTOSI,Alonso de Ibáñez,Sacaca,False,12,col_01,20175,POTOSI: TRIBUNALES Y POBLACIÓN PROYECTAD A 2022,False,Población proyectada al 2022,poblacion_proyectada_2022,poblacion,,,,,,,,,Potosí,2023,False
14,4.1.6,114,POTOSI,Sud Chichas,Tupiza,False,12,col_01,51903,POTOSI: TRIBUNALES Y POBLACIÓN PROYECTAD A 2022,False,Población proyectada al 2022,poblacion_proyectada_2022,poblacion,,,,,,,,,Potosí,2023,False
15,4.1.6,114,POTOSI,Sud Chichas,Atocha,False,12,col_01,12849,POTOSI: TRIBUNALES Y POBLACIÓN PROYECTAD A 2022,False,Población proyectada al 2022,poblacion_proyectada_2022,poblacion,,,,,,,,,Potosí,2023,False
16,4.1.6,114,POTOSI,Nor Lípez,Colcha &quot;K&quot;,False,12,col_01,13288,POTOSI: TRIBUNALES Y POBLACIÓN PROYECTAD A 2022,False,Población proyectada al 2022,poblacion_proyectada_2022,poblacion,,,,,,,,,Potosí,2023,False
17,4.1.6,114,POTOSI,José María Linares,Puna,False,12,col_01,19930,POTOSI: TRIBUNALES Y POBLACIÓN PROYECTAD A 2022,False,Población proyectada al 2022,poblacion_proyectada_2022,poblacion,,,,,,,,,Potosí,2023,False
18,4.1.6,114,POTOSI,José María Linares,Caiza &quot;D&quot;,False,12,col_01,10570,POTOSI: TRIBUNALES Y POBLACIÓN PROYECTAD A 2022,False,Población proyectada al 2022,poblacion_proyectada_2022,poblacion,,,,,,,,,Potosí,2023,False
19,4.1.6,114,POTOSI,Quijarro,Uyuni,False,12,col_01,37700,POTOSI: TRIBUNALES Y POBLACIÓN PROYECTAD A 2022,False,Población proyectada al 2022,poblacion_proyectada_2022,poblacion,,,,,,,,,Potosí,2023,False
20,4.1.6,114,POTOSI,Quijarro,Porco,False,12,col_01,13337,POTOSI: TRIBUNALES Y POBLACIÓN PROYECTAD A 2022,False,Población proyectada al 2022,poblacion_proyectada_2022,poblacion,,,,,,,,,Potosí,2023,False
21,4.1.6,114,POTOSI,Gral. Bernardino BilbaoArampampa,,False,12,col_01,4746,POTOSI: TRIBUNALES Y POBLACIÓN PROYECTAD A 2022,False,Población proyectada al 2022,poblacion_proyectada_2022,poblacion,,,,,,,,,Potosí,2023,False
22,4.1.6,114,POTOSI,Gral. Bernardino BilbaoAcasio,,False,12,col_01,5618,POTOSI: TRIBUNALES Y POBLACIÓN PROYECTAD A 2022,False,Población proyectada al 2022,poblacion_proyectada_2022,poblacion,,,,,,,,,Potosí,2023,False
23,4.1.6,114,POTOSI,Modesto Omiste,Villazón,False,12,col_01,47287,POTOSI: TRIBUNALES Y POBLACIÓN PROYECTAD A 2022,False,Población proyectada al 2022,poblacion_proyectada_2022,poblacion,,,,,,,,,Potosí,2023,False
24,4.1.6,114,POTOSI,TOTALES,,False,12,col_01,540948,POTOSI: TRIBUNALES Y POBLACIÓN PROYECTAD A 2022,False,Población proyectada al 2022,poblacion_proyectada_2022,poblacion,,,,,,,,,Potosí,2023,False
1,4.1.7,115,TARIJA,Aniceto Arce,Padcaya,False,16,col_01,19148,"JUZGADOS, TRIBUNALES Tribunal POBLACIÓ N PROYECTA DA 2022",False,Población proyectada al 2022,poblacion_proyectada_2022,poblacion,,,,,,,,,Tarija,2023,False
2,4.1.7,115,TARIJA,Aniceto Arce,Bermejo,False,16,col_01,44062,"JUZGADOS, TRIBUNALES Tribunal POBLACIÓ N PROYECTA DA 2022",False,Población proyectada al 2022,poblacion_proyectada_2022,poblacion,,,,,,,,,Tarija,2023,False
3,4.1.7,115,TARIJA,Gran Chaco,Yacuiba,False,16,col_01,109481,"JUZGADOS, TRIBUNALES Tribunal POBLACIÓ N PROYECTA DA 2022",False,Población proyectada al 2022,poblacion_proyectada_2022,poblacion,,,,,,,,,Tarija,2023,False
4,4.1.7,115,TARIJA,Gran Chaco,Villamontes,False,16,col_01,55704,"JUZGADOS, TRIBUNALES Tribunal POBLACIÓ N PROYECTA DA 2022",False,Población proyectada al 2022,poblacion_proyectada_2022,poblacion,,,,,,,,,Tarija,2023,False
5,4.1.7,115,TARIJA,Gran Chaco,Carapari,False,16,col_01,16532,"JUZGADOS, TRIBUNALES Tribunal POBLACIÓ N PROYECTA DA 2022",False,Población proyectada al 2022,poblacion_proyectada_2022,poblacion,,,,,,,,,Tarija,2023,False
6,4.1.7,115,TARIJA,Avilés,(Uriondo),False,16,col_01,16359,"JUZGADOS, TRIBUNALES Tribunal POBLACIÓ N PROYECTA DA 2022",False,Población proyectada al 2022,poblacion_proyectada_2022,poblacion,,,,,,,,,Tarija,2023,False
7,4.1.7,115,TARIJA,Méndez,San Lorenzo,False,16,col_01,25904,"JUZGADOS, TRIBUNALES Tribunal POBLACIÓ N PROYECTA DA 2022",False,Población proyectada al 2022,poblacion_proyectada_2022,poblacion,,,,,,,,,Tarija,2023,False
8,4.1.7,115,TARIJA,O&apos; Connor,Entre Ríos,False,16,col_01,23871,"JUZGADOS, TRIBUNALES Tribunal POBLACIÓ N PROYECTA DA 2022",False,Población proyectada al 2022,poblacion_proyectada_2022,poblacion,,,,,,,,,Tarija,2023,False
9,4.1.7,115,TARIJA,TOTALES,,False,16,col_01,311061,"JUZGADOS, TRIBUNALES Tribunal POBLACIÓ N PROYECTA DA 2022",False,Población proyectada al 2022,poblacion_proyectada_2022,poblacion,,,,,,,,,Tarija,2023,False
1,4.1.8,116,SANTA CRUZ,Andrés Ibáñez,Cotoca,False,18,col_01,80023,"TRIBUNALES Y POBLACIÓN PROYECTAD A AL 2022 de Yapacani, Camiri, tiene de Puerto Suarez,",False,Población proyectada al 2022,poblacion_proyectada_2022,poblacion,,,,,,,,,Santa Cruz,2023,False
2,4.1.8,116,SANTA CRUZ,Andrés Ibáñez,La Guardia,False,18,col_01,114318,"TRIBUNALES Y POBLACIÓN PROYECTAD A AL 2022 de Yapacani, Camiri, tiene de Puerto Suarez,",False,Población proyectada al 2022,poblacion_proyectada_2022,poblacion,,,,,,,,,Santa Cruz,2023,False
3,4.1.8,116,SANTA CRUZ,Andrés Ibáñez,El Torno,False,18,col_01,71884,"TRIBUNALES Y POBLACIÓN PROYECTAD A AL 2022 de Yapacani, Camiri, tiene de Puerto Suarez,",False,Población proyectada al 2022,poblacion_proyectada_2022,poblacion,,,,,,,,,Santa Cruz,2023,False
4,4.1.8,116,SANTA CRUZ,Warnes,Warnes,False,18,col_01,144193,"TRIBUNALES Y POBLACIÓN PROYECTAD A AL 2022 de Yapacani, Camiri, tiene de Puerto Suarez,",False,Población proyectada al 2022,poblacion_proyectada_2022,poblacion,,,,,,,,,Santa Cruz,2023,False
5,4.1.8,116,SANTA CRUZ,Velasco,San Ignacio,False,18,col_01,68575,"TRIBUNALES Y POBLACIÓN PROYECTAD A AL 2022 de Yapacani, Camiri, tiene de Puerto Suarez,",False,Población proyectada al 2022,poblacion_proyectada_2022,poblacion,,,,,,,,,Santa Cruz,2023,False
6,4.1.8,116,SANTA CRUZ,Ichilo,Buena Vista,False,18,col_01,14929,"TRIBUNALES Y POBLACIÓN PROYECTAD A AL 2022 de Yapacani, Camiri, tiene de Puerto Suarez,",False,Población proyectada al 2022,poblacion_proyectada_2022,poblacion,,,,,,,,,Santa Cruz,2023,False
7,4.1.8,116,SANTA CRUZ,Ichilo,Yapacani1,False,18,col_01,60784,"TRIBUNALES Y POBLACIÓN PROYECTAD A AL 2022 de Yapacani, Camiri, tiene de Puerto Suarez,",False,Población proyectada al 2022,poblacion_proyectada_2022,poblacion,,,,,,,,,Santa Cruz,2023,False
8,4.1.8,116,SANTA CRUZ,Chiquitos,San José,False,18,col_01,32465,"TRIBUNALES Y POBLACIÓN PROYECTAD A AL 2022 de Yapacani, Camiri, tiene de Puerto Suarez,",False,Población proyectada al 2022,poblacion_proyectada_2022,poblacion,,,,,,,,,Santa Cruz,2023,False
9,4.1.8,116,SANTA CRUZ,Chiquitos,Pailón,False,18,col_01,44248,"TRIBUNALES Y POBLACIÓN PROYECTAD A AL 2022 de Yapacani, Camiri, tiene de Puerto Suarez,",False,Población proyectada al 2022,poblacion_proyectada_2022,poblacion,,,,,,,,,Santa Cruz,2023,False
10,4.1.8,116,SANTA CRUZ,Chiquitos,Roboré,False,18,col_01,19224,"TRIBUNALES Y POBLACIÓN PROYECTAD A AL 2022 de Yapacani, Camiri, tiene de Puerto Suarez,",False,Población proyectada al 2022,poblacion_proyectada_2022,poblacion,,,,,,,,,Santa Cruz,2023,False
11,4.1.8,116,SANTA CRUZ,Sara,Portachuelo,False,18,col_01,37793,"TRIBUNALES Y POBLACIÓN PROYECTAD A AL 2022 de Yapacani, Camiri, tiene de Puerto Suarez,",False,Población proyectada al 2022,poblacion_proyectada_2022,poblacion,,,,,,,,,Santa Cruz,2023,False
12,4.1.8,116,SANTA CRUZ,Cordillera,Lagunillas,False,18,col_01,6563,"TRIBUNALES Y POBLACIÓN PROYECTAD A AL 2022 de Yapacani, Camiri, tiene de Puerto Suarez,",False,Población proyectada al 2022,poblacion_proyectada_2022,poblacion,,,,,,,,,Santa Cruz,2023,False
13,4.1.8,116,SANTA CRUZ,Cordillera,Charagua,False,18,col_01,36810,"TRIBUNALES Y POBLACIÓN PROYECTAD A AL 2022 de Yapacani, Camiri, tiene de Puerto Suarez,",False,Población proyectada al 2022,poblacion_proyectada_2022,poblacion,,,,,,,,,Santa Cruz,2023,False
14,4.1.8,116,SANTA CRUZ,Cordillera,Cabezas,False,18,col_01,29843,"TRIBUNALES Y POBLACIÓN PROYECTAD A AL 2022 de Yapacani, Camiri, tiene de Puerto Suarez,",False,Población proyectada al 2022,poblacion_proyectada_2022,poblacion,,,,,,,,,Santa Cruz,2023,False
15,4.1.8,116,SANTA CRUZ,Cordillera,Camiri2,False,18,col_01,42613,"TRIBUNALES Y POBLACIÓN PROYECTAD A AL 2022 de Yapacani, Camiri, tiene de Puerto Suarez,",False,Población proyectada al 2022,poblacion_proyectada_2022,poblacion,,,,,,,,,Santa Cruz,2023,False
16,4.1.8,116,SANTA CRUZ,Vallegrande,Vallegrande,False,18,col_01,18510,"TRIBUNALES Y POBLACIÓN PROYECTAD A AL 2022 de Yapacani, Camiri, tiene de Puerto Suarez,",False,Población proyectada al 2022,poblacion_proyectada_2022,poblacion,,,,,,,,,Santa Cruz,2023,False
17,4.1.8,116,SANTA CRUZ,Florida,Samaipata,False,18,col_01,10653,"TRIBUNALES Y POBLACIÓN PROYECTAD A AL 2022 de Yapacani, Camiri, tiene de Puerto Suarez,",False,Población proyectada al 2022,poblacion_proyectada_2022,poblacion,,,,,,,,,Santa Cruz,2023,False
18,4.1.8,116,SANTA CRUZ,Obispo Santiesteban,Montero,False,18,col_01,147078,"TRIBUNALES Y POBLACIÓN PROYECTAD A AL 2022 de Yapacani, Camiri, tiene de Puerto Suarez,",False,Población proyectada al 2022,poblacion_proyectada_2022,poblacion,,,,,,,,,Santa Cruz,2023,False
19,4.1.8,116,SANTA CRUZ,Obispo Santiesteban,Mineros,False,18,col_01,28483,"TRIBUNALES Y POBLACIÓN PROYECTAD A AL 2022 de Yapacani, Camiri, tiene de Puerto Suarez,",False,Población proyectada al 2022,poblacion_proyectada_2022,poblacion,,,,,,,,,Santa Cruz,2023,False
20,4.1.8,116,SANTA CRUZ,Ñuflo de Chávez,Concepción,False,18,col_01,26438,"TRIBUNALES Y POBLACIÓN PROYECTAD A AL 2022 de Yapacani, Camiri, tiene de Puerto Suarez,",False,Población proyectada al 2022,poblacion_proyectada_2022,poblacion,,,,,,,,,Santa Cruz,2023,False
21,4.1.8,116,SANTA CRUZ,Ñuflo de Chávez,San Julián,False,18,col_01,55136,"TRIBUNALES Y POBLACIÓN PROYECTAD A AL 2022 de Yapacani, Camiri, tiene de Puerto Suarez,",False,Población proyectada al 2022,poblacion_proyectada_2022,poblacion,,,,,,,,,Santa Cruz,2023,False
22,4.1.8,116,SANTA CRUZ,Ñuflo de Chávez,Cuatro Cañadas,False,18,col_01,26256,"TRIBUNALES Y POBLACIÓN PROYECTAD A AL 2022 de Yapacani, Camiri, tiene de Puerto Suarez,",False,Población proyectada al 2022,poblacion_proyectada_2022,poblacion,,,,,,,,,Santa Cruz,2023,False
23,4.1.8,116,SANTA CRUZ,Ángel Sandoval,San Matías,False,18,col_01,17929,"TRIBUNALES Y POBLACIÓN PROYECTAD A AL 2022 de Yapacani, Camiri, tiene de Puerto Suarez,",False,Población proyectada al 2022,poblacion_proyectada_2022,poblacion,,,,,,,,,Santa Cruz,2023,False
24,4.1.8,116,SANTA CRUZ,Manuel María Caballero,Comarapa,False,18,col_01,19982,"TRIBUNALES Y POBLACIÓN PROYECTAD A AL 2022 de Yapacani, Camiri, tiene de Puerto Suarez,",False,Población proyectada al 2022,poblacion_proyectada_2022,poblacion,,,,,,,,,Santa Cruz,2023,False
25,4.1.8,116,SANTA CRUZ,Manuel María Caballero,Saipina,False,18,col_01,7310,"TRIBUNALES Y POBLACIÓN PROYECTAD A AL 2022 de Yapacani, Camiri, tiene de Puerto Suarez,",False,Población proyectada al 2022,poblacion_proyectada_2022,poblacion,,,,,,,,,Santa Cruz,2023,False
26,4.1.8,116,SANTA CRUZ,German Bush,Puerto Suárez3,False,18,col_01,23113,"TRIBUNALES Y POBLACIÓN PROYECTAD A AL 2022 de Yapacani, Camiri, tiene de Puerto Suarez,",False,Población proyectada al 2022,poblacion_proyectada_2022,poblacion,,,,,,,,,Santa Cruz,2023,False
27,4.1.8,116,SANTA CRUZ,Guarayos,Guarayos,False,18,col_01,35743,"TRIBUNALES Y POBLACIÓN PROYECTAD A AL 2022 de Yapacani, Camiri, tiene de Puerto Suarez,",False,Población proyectada al 2022,poblacion_proyectada_2022,poblacion,,,,,,,,,Santa Cruz,2023,False
28,4.1.8,116,SANTA CRUZ,TOTALES,,False,18,col_01,1220896,"TRIBUNALES Y POBLACIÓN PROYECTAD A AL 2022 de Yapacani, Camiri, tiene de Puerto Suarez,",False,Población proyectada al 2022,poblacion_proyectada_2022,poblacion,,,,,,,,,Santa Cruz,2023,False
1,4.1.9,117,BENI,Vaca Diez,Riberalta,False,15,col_01,114869,TRIBUNALES Y POBLACIÓN PROYECTADA AL 2022,False,Población proyectada al 2022,poblacion_proyectada_2022,poblacion,,,,,,,,,Beni,2023,False
2,4.1.9,117,BENI,Vaca Diez,Guayaramerín,False,15,col_01,51188,TRIBUNALES Y POBLACIÓN PROYECTADA AL 2022,False,Población proyectada al 2022,poblacion_proyectada_2022,poblacion,,,,,,,,,Beni,2023,False
3,4.1.9,117,BENI,Gral. José Ballivián,Reyes,False,15,col_01,11811,TRIBUNALES Y POBLACIÓN PROYECTADA AL 2022,False,Población proyectada al 2022,poblacion_proyectada_2022,poblacion,,,,,,,,,Beni,2023,False
4,4.1.9,117,BENI,Gral. José Ballivián,San Borja,False,15,col_01,42262,TRIBUNALES Y POBLACIÓN PROYECTADA AL 2022,False,Población proyectada al 2022,poblacion_proyectada_2022,poblacion,,,,,,,,,Beni,2023,False
5,4.1.9,117,BENI,Gral. José Ballivián,Rurrenabaque,False,15,col_01,21580,TRIBUNALES Y POBLACIÓN PROYECTADA AL 2022,False,Población proyectada al 2022,poblacion_proyectada_2022,poblacion,,,,,,,,,Beni,2023,False
6,4.1.9,117,BENI,Yacuma,Santa Ana,False,15,col_01,18502,TRIBUNALES Y POBLACIÓN PROYECTADA AL 2022,False,Población proyectada al 2022,poblacion_proyectada_2022,poblacion,,,,,,,,,Beni,2023,False
7,4.1.9,117,BENI,Moxos,San Ignacio,False,15,col_01,21188,TRIBUNALES Y POBLACIÓN PROYECTADA AL 2022,False,Población proyectada al 2022,poblacion_proyectada_2022,poblacion,,,,,,,,,Beni,2023,False
8,4.1.9,117,BENI,Mamoré,San Joaquín,False,15,col_01,6069,TRIBUNALES Y POBLACIÓN PROYECTADA AL 2022,False,Población proyectada al 2022,poblacion_proyectada_2022,poblacion,,,,,,,,,Beni,2023,False
9,4.1.9,117,BENI,Iténez,Magdalena,False,15,col_01,12180,TRIBUNALES Y POBLACIÓN PROYECTADA AL 2022,False,Población proyectada al 2022,poblacion_proyectada_2022,poblacion,,,,,,,,,Beni,2023,False
10,4.1.9,117,BENI,TOTALES,,False,15,col_01,299649,TRIBUNALES Y POBLACIÓN PROYECTADA AL 2022,False,Población proyectada al 2022,poblacion_proyectada_2022,poblacion,,,,,,,,,Beni,2023,False
1,4.1.10,118,PANDO,Nicolás Suárez,Porvenir (Campo Ana),False,5,col_01,8243,"JUZGADOS, CONCILIADORES POBLACIÓN PROYECTADA AL",False,Población proyectada al 2022,poblacion_proyectada_2022,poblacion,,,,,,,,,Pando,2023,False
2,4.1.10,118,PANDO,Manuripi,Puerto Rico (Victoria),False,5,col_01,10759,"JUZGADOS, CONCILIADORES POBLACIÓN PROYECTADA AL",False,Población proyectada al 2022,poblacion_proyectada_2022,poblacion,,,,,,,,,Pando,2023,False
3,4.1.10,118,PANDO,Madre de Dios,Sena,False,5,col_01,8213,"JUZGADOS, CONCILIADORES POBLACIÓN PROYECTADA AL",False,Población proyectada al 2022,poblacion_proyectada_2022,poblacion,,,,,,,,,Pando,2023,False
4,4.1.10,118,PANDO,Madre de Dios,Gonzalo Moreno,False,5,col_01,7240,"JUZGADOS, CONCILIADORES POBLACIÓN PROYECTADA AL",False,Población proyectada al 2022,poblacion_proyectada_2022,poblacion,,,,,,,,,Pando,2023,False
5,4.1.10,118,PANDO,TOTALES,,False,5,col_01,34455,"JUZGADOS, CONCILIADORES POBLACIÓN PROYECTADA AL",False,Población proyectada al 2022,poblacion_proyectada_2022,poblacion,,,,,,,,,Pando,2023,False
1,4.1.1,109,CIUDADES CAPITALES Y EL ALTO,JUZGADOS DE INSTRUCCIÓN,,False,11,col_02,19,SALAS Y LA PAZ la Mujer,False,La Paz,ciudad_la_paz,otro,f001,Juzgados de Instrucción,juzgados_instruccion,juzgado,subtotal,f037,1,False,,2023,False
2,4.1.1,109,CIUDADES CAPITALES Y EL ALTO,Penal,,False,11,col_02,13,SALAS Y LA PAZ la Mujer,False,La Paz,ciudad_la_paz,otro,f002,Juzgado de Instrucción Penal,juzgado_instruccion_penal,juzgado,detalle,f001,2,True,,2023,False
3,4.1.1,109,CIUDADES CAPITALES Y EL ALTO,Anticorrupción y Contra la Violencia hacia las mujeres,,False,11,col_02,6,SALAS Y LA PAZ la Mujer,False,La Paz,ciudad_la_paz,otro,f003,Juzgado de Instrucción Anticorrupción y Contra la Violencia hacia las Mujeres,juzgado_instruccion_anticorrupcion_violencia_mujeres,juzgado,detalle,f001,2,True,,2023,False
6,4.1.1,109,CIUDADES CAPITALES Y EL ALTO,JUZGADOS DE PARTIDO Y TRIBUNALES,,False,11,col_02,55,SALAS Y LA PAZ la Mujer,False,La Paz,ciudad_la_paz,otro,f006,Juzgados de Partido y Tribunales,juzgados_partido_tribunales,otro,subtotal,f037,1,False,,2023,False
7,4.1.1,109,CIUDADES CAPITALES Y EL ALTO,Trabajo y Seguridad Social,,False,11,col_02,11,SALAS Y LA PAZ la Mujer,False,La Paz,ciudad_la_paz,otro,f007,Juzgado de Partido del Trabajo y Seguridad Social,juzgado_partido_trabajo_seguridad_social,juzgado,detalle,f006,2,True,,2023,False
8,4.1.1,109,CIUDADES CAPITALES Y EL ALTO,Adm. Coactivo Fiscal Tributario,,False,11,col_02,5,SALAS Y LA PAZ la Mujer,False,La Paz,ciudad_la_paz,otro,f008,Juzgado de Partido Adm. Coactivo Fiscal Tributario,juzgado_partido_adm_coactivo_fiscal_tributario,juzgado,detalle,f006,2,True,,2023,False
10,4.1.1,109,CIUDADES CAPITALES Y EL ALTO,Sentencia Penal,,False,11,col_02,18,SALAS Y LA PAZ la Mujer,False,La Paz,ciudad_la_paz,otro,f010,Juzgado de Sentencia Penal,juzgado_sentencia_penal,juzgado,detalle,f006,2,True,,2023,False
11,4.1.1,109,CIUDADES CAPITALES Y EL ALTO,Sentencia Contra la Violencia hacia las Mujeres,,False,11,col_02,5,SALAS Y LA PAZ la Mujer,False,La Paz,ciudad_la_paz,otro,f011,Juzgado de Sentencia Contra la Violencia hacia las Mujeres,juzgado_sentencia_violencia_mujeres,juzgado,detalle,f006,2,True,,2023,False
12,4.1.1,109,CIUDADES CAPITALES Y EL ALTO,Sentencia Anticorrupcion y Contra la Violencia hacia las mujeres,,False,11,col_02,2,SALAS Y LA PAZ la Mujer,False,La Paz,ciudad_la_paz,otro,f012,Juzgado de Sentencia Anticorrupción y Contra la Violencia hacia las Mujeres,juzgado_sentencia_anticorrupcion_violencia_mujeres,juzgado,detalle,f006,2,True,,2023,False
13,4.1.1,109,CIUDADES CAPITALES Y EL ALTO,Sentencia Penal y Anticorrupción,,False,11,col_02,1,SALAS Y LA PAZ la Mujer,False,La Paz,ciudad_la_paz,otro,f013,Juzgado de Sentencia Penal y Anticorrupción,juzgado_sentencia_penal_anticorrupcion,juzgado,detalle,f006,2,True,,2023,False
14,4.1.1,109,CIUDADES CAPITALES Y EL ALTO,Sentencia Penal y Perdida de Dominio,,False,11,col_02,1,SALAS Y LA PAZ la Mujer,False,La Paz,ciudad_la_paz,otro,f014,Juzgado de Sentencia Penal y Pérdida de Dominio,juzgado_sentencia_penal_perdida_dominio,juzgado,detalle,f006,2,True,,2023,False
15,4.1.1,109,CIUDADES CAPITALES Y EL ALTO,Sentencia Penal y Contra la Violencia hacia las mujeres,,False,11,col_02,1,SALAS Y LA PAZ la Mujer,False,La Paz,ciudad_la_paz,otro,f015,Juzgado de Sentencia Penal y Contra la Violencia hacia las Mujeres,juzgado_sentencia_penal_violencia_mujeres,juzgado,detalle,f006,2,True,,2023,False
16,4.1.1,109,CIUDADES CAPITALES Y EL ALTO,Tribunal de Sentencia,,False,11,col_02,4,SALAS Y LA PAZ la Mujer,False,La Paz,ciudad_la_paz,otro,f016,Tribunal de Sentencia,tribunal_sentencia,tribunal,detalle,f006,2,True,,2023,False
17,4.1.1,109,CIUDADES CAPITALES Y EL ALTO,Tribunal de Sentencia Anticorrupcion y Contra la Violencia hacia las mujeres,,False,11,col_02,1,SALAS Y LA PAZ la Mujer,False,La Paz,ciudad_la_paz,otro,f017,Tribunal de Sentencia Anticorrupción y Contra la Violencia hacia las Mujeres,tribunal_sentencia_anticorrupcion_violencia_mujeres,tribunal,detalle,f006,2,True,,2023,False
18,4.1.1,109,CIUDADES CAPITALES Y EL ALTO,Tribunal de Sentencia Anticorrupcion,,False,11,col_02,1,SALAS Y LA PAZ la Mujer,False,La Paz,ciudad_la_paz,otro,f018,Tribunal de Sentencia Anticorrupción,tribunal_sentencia_anticorrupcion,tribunal,detalle,f006,2,True,,2023,False
19,4.1.1,109,CIUDADES CAPITALES Y EL ALTO,Ejecución Penal,,False,11,col_02,4,SALAS Y LA PAZ la Mujer,False,La Paz,ciudad_la_paz,otro,f019,Juzgado de Ejecución Penal,juzgado_ejecucion_penal,juzgado,detalle,f006,2,True,,2023,False
20,4.1.1,109,CIUDADES CAPITALES Y EL ALTO,Agroambientales,,False,11,col_02,1,SALAS Y LA PAZ la Mujer,False,La Paz,ciudad_la_paz,otro,f020,Juzgado Agroambiental,juzgado_agroambiental,juzgado,detalle,f006,2,True,,2023,False
21,4.1.1,109,CIUDADES CAPITALES Y EL ALTO,JUZGADOS PUBLICOS,,False,11,col_02,50,SALAS Y LA PAZ la Mujer,False,La Paz,ciudad_la_paz,otro,f021,Juzgados Públicos,juzgados_publicos,juzgado,subtotal,f037,1,False,,2023,False
22,4.1.1,109,CIUDADES CAPITALES Y EL ALTO,Civil y Comercial,,False,11,col_02,30,SALAS Y LA PAZ la Mujer,False,La Paz,ciudad_la_paz,otro,f022,Juzgado Público Civil y Comercial,juzgado_publico_civil_comercial,juzgado,detalle,f021,2,True,,2023,False
23,4.1.1,109,CIUDADES CAPITALES Y EL ALTO,Familia,,False,11,col_02,16,SALAS Y LA PAZ la Mujer,False,La Paz,ciudad_la_paz,otro,f023,Juzgado Público de Familia,juzgado_publico_familia,juzgado,detalle,f021,2,True,,2023,False
24,4.1.1,109,CIUDADES CAPITALES Y EL ALTO,Niñez y Adolescencia,,False,11,col_02,4,SALAS Y LA PAZ la Mujer,False,La Paz,ciudad_la_paz,otro,f024,Juzgado Público de la Niñez y Adolescencia,juzgado_publico_ninez_adolescencia,juzgado,detalle,f021,2,True,,2023,False
25,4.1.1,109,CIUDADES CAPITALES Y EL ALTO,JUZGADOS MIXTOS,,False,11,col_02,0,SALAS Y LA PAZ la Mujer,False,La Paz,ciudad_la_paz,otro,f025,Juzgados Mixtos,juzgados_mixtos,juzgado,subtotal,f037,1,False,,2023,False
29,4.1.1,109,CIUDADES CAPITALES Y EL ALTO,SALAS,,False,11,col_02,16,SALAS Y LA PAZ la Mujer,False,La Paz,ciudad_la_paz,otro,f029,Salas,salas,sala,subtotal,f037,1,False,,2023,False
30,4.1.1,109,CIUDADES CAPITALES Y EL ALTO,Civil,,False,11,col_02,5,SALAS Y LA PAZ la Mujer,False,La Paz,ciudad_la_paz,otro,f030,Sala Civil,sala_civil,sala,detalle,f029,2,True,,2023,False
31,4.1.1,109,CIUDADES CAPITALES Y EL ALTO,Penal,,False,11,col_02,4,SALAS Y LA PAZ la Mujer,False,La Paz,ciudad_la_paz,otro,f031,Sala Penal,sala_penal,sala,detalle,f029,2,True,,2023,False
32,4.1.1,109,CIUDADES CAPITALES Y EL ALTO,Social Administrativa,,False,11,col_02,3,SALAS Y LA PAZ la Mujer,False,La Paz,ciudad_la_paz,otro,f032,Sala Social Administrativa,sala_social_administrativa,sala,detalle,f029,2,True,,2023,False
34,4.1.1,109,CIUDADES CAPITALES Y EL ALTO,Constitucionales,,False,11,col_02,4,SALAS Y LA PAZ la Mujer,False,La Paz,ciudad_la_paz,otro,f034,Sala Constitucional,sala_constitucional,sala,detalle,f029,2,True,,2023,False
35,4.1.1,109,CIUDADES CAPITALES Y EL ALTO,JUZGADOS DISCIPLINARIOS,,False,11,col_02,3,SALAS Y LA PAZ la Mujer,False,La Paz,ciudad_la_paz,otro,f035,Juzgados Disciplinarios,juzgados_disciplinarios,juzgado,detalle,f037,1,True,,2023,False
36,4.1.1,109,CIUDADES CAPITALES Y EL ALTO,CONCILIADORES,,False,11,col_02,22,SALAS Y LA PAZ la Mujer,False,La Paz,ciudad_la_paz,otro,f036,Conciliadores,conciliadores,conciliador,detalle,f037,1,True,,2023,False
37,4.1.1,109,CIUDADES CAPITALES Y EL ALTO,TOTAL GENERAL,,False,11,col_02,165,SALAS Y LA PAZ la Mujer,False,La Paz,ciudad_la_paz,otro,f037,Total general,total_general,otro,total_general,,0,False,,2023,False
10,4.1.2,110,CHUQUISACA,Hernando Siles Monteagudo,,False,13,col_02,1,NÚMERO JUZGADO DE INSTRUCCIÓ PENAL,False,Juzgado de Instrucción Penal,juzgado_instruccion_penal,organo_judicial,,,,,,,,,Chuquisaca,2023,False
19,4.1.2,110,CHUQUISACA,Luís Calvo,Muyupampa (Villa Vaca,False,13,col_02,1,NÚMERO JUZGADO DE INSTRUCCIÓ PENAL,False,Juzgado de Instrucción Penal,juzgado_instruccion_penal,organo_judicial,,,,,,,,,Chuquisaca,2023,False
21,4.1.2,110,CHUQUISACA,TOTALES,,False,13,col_02,2,NÚMERO JUZGADO DE INSTRUCCIÓ PENAL,False,Juzgado de Instrucción Penal,juzgado_instruccion_penal,organo_judicial,,,,,,,,,Chuquisaca,2023,False
11,4.1.3,111,LA PAZ,Ingavi,Viacha,False,12,col_02,1,NÚMERO JUZGADO INSTRUCCIÓN PENAL,False,Juzgado de Instrucción Penal,juzgado_instruccion_penal,organo_judicial,,,,,,,,,La Paz,2023,False
30,4.1.3,111,LA PAZ,TOTALES,,False,12,col_02,1,NÚMERO JUZGADO INSTRUCCIÓN PENAL,False,Juzgado de Instrucción Penal,juzgado_instruccion_penal,organo_judicial,,,,,,,,,La Paz,2023,False
11,4.1.4,112,COCHABAMBA,Quillacollo,Quillacollo,False,19,col_02,3,JUZGADO DE INSTRUCCIÓ PENAL,False,Juzgado de Instrucción Penal,juzgado_instruccion_penal,organo_judicial,,,,,,,,,Cochabamba,2023,False
14,4.1.4,112,COCHABAMBA,Quillacollo,Tiquipaya,False,19,col_02,1,JUZGADO DE INSTRUCCIÓ PENAL,False,Juzgado de Instrucción Penal,juzgado_instruccion_penal,organo_judicial,,,,,,,,,Cochabamba,2023,False
16,4.1.4,112,COCHABAMBA,Chapare,Sacaba,False,19,col_02,2,JUZGADO DE INSTRUCCIÓ PENAL,False,Juzgado de Instrucción Penal,juzgado_instruccion_penal,organo_judicial,,,,,,,,,Cochabamba,2023,False
17,4.1.4,112,COCHABAMBA,Chapare,Villa Tunari,False,19,col_02,1,JUZGADO DE INSTRUCCIÓ PENAL,False,Juzgado de Instrucción Penal,juzgado_instruccion_penal,organo_judicial,,,,,,,,,Cochabamba,2023,False
28,4.1.4,112,COCHABAMBA,TOTALES,,False,19,col_02,7,JUZGADO DE INSTRUCCIÓ PENAL,False,Juzgado de Instrucción Penal,juzgado_instruccion_penal,organo_judicial,,,,,,,,,Cochabamba,2023,False
1,4.1.5,113,ORURO,Cercado,Caracollo,False,9,col_02,1,"JUZGADOS, JUZGADO PÚBLICO MIXTO INSTRUCCIÓN PENAL",False,Juzgado Público Mixto e Instrucción Penal,juzgado_publico_mixto_instruccion_penal,organo_judicial,,,,,,,,,Oruro,2023,False
2,4.1.5,113,ORURO,Avaroa,Challapata,False,9,col_02,1,"JUZGADOS, JUZGADO PÚBLICO MIXTO INSTRUCCIÓN PENAL",False,Juzgado Público Mixto e Instrucción Penal,juzgado_publico_mixto_instruccion_penal,organo_judicial,,,,,,,,,Oruro,2023,False
3,4.1.5,113,ORURO,Carangas,Corque,False,9,col_02,1,"JUZGADOS, JUZGADO PÚBLICO MIXTO INSTRUCCIÓN PENAL",False,Juzgado Público Mixto e Instrucción Penal,juzgado_publico_mixto_instruccion_penal,organo_judicial,,,,,,,,,Oruro,2023,False
4,4.1.5,113,ORURO,Sajama,Curahuara de Carangas,False,9,col_02,1,"JUZGADOS, JUZGADO PÚBLICO MIXTO INSTRUCCIÓN PENAL",False,Juzgado Público Mixto e Instrucción Penal,juzgado_publico_mixto_instruccion_penal,organo_judicial,,,,,,,,,Oruro,2023,False
5,4.1.5,113,ORURO,Litoral,Huachacalla,False,9,col_02,1,"JUZGADOS, JUZGADO PÚBLICO MIXTO INSTRUCCIÓN PENAL",False,Juzgado Público Mixto e Instrucción Penal,juzgado_publico_mixto_instruccion_penal,organo_judicial,,,,,,,,,Oruro,2023,False
6,4.1.5,113,ORURO,Poopó,Poopó,False,9,col_02,1,"JUZGADOS, JUZGADO PÚBLICO MIXTO INSTRUCCIÓN PENAL",False,Juzgado Público Mixto e Instrucción Penal,juzgado_publico_mixto_instruccion_penal,organo_judicial,,,,,,,,,Oruro,2023,False
7,4.1.5,113,ORURO,Pantaleón Dalence,Huanuni,False,9,col_02,1,"JUZGADOS, JUZGADO PÚBLICO MIXTO INSTRUCCIÓN PENAL",False,Juzgado Público Mixto e Instrucción Penal,juzgado_publico_mixto_instruccion_penal,organo_judicial,,,,,,,,,Oruro,2023,False
12,4.1.5,113,ORURO,Sud Carangas,Orinoca,False,9,col_02,1,"JUZGADOS, JUZGADO PÚBLICO MIXTO INSTRUCCIÓN PENAL",False,Juzgado Público Mixto e Instrucción Penal,juzgado_publico_mixto_instruccion_penal,organo_judicial,,,,,,,,,Oruro,2023,False
13,4.1.5,113,ORURO,TOTALES,,False,9,col_02,8,"JUZGADOS, JUZGADO PÚBLICO MIXTO INSTRUCCIÓN PENAL",False,Juzgado Público Mixto e Instrucción Penal,juzgado_publico_mixto_instruccion_penal,organo_judicial,,,,,,,,,Oruro,2023,False
3,4.1.6,114,POTOSI,Rafael Bustillos,Llallagua,False,12,col_02,1,NÚMERO CONCILIADORES JUZGADO INSTRUCCIÓN PENAL,False,Juzgado de Instrucción Penal,juzgado_instruccion_penal,organo_judicial,,,,,,,,,Potosí,2023,False
17,4.1.6,114,POTOSI,José María Linares,Puna,False,12,col_02,1,NÚMERO CONCILIADORES JUZGADO INSTRUCCIÓN PENAL,False,Juzgado de Instrucción Penal,juzgado_instruccion_penal,organo_judicial,,,,,,,,,Potosí,2023,False
19,4.1.6,114,POTOSI,Quijarro,Uyuni,False,12,col_02,1,NÚMERO CONCILIADORES JUZGADO INSTRUCCIÓN PENAL,False,Juzgado de Instrucción Penal,juzgado_instruccion_penal,organo_judicial,,,,,,,,,Potosí,2023,False
24,4.1.6,114,POTOSI,TOTALES,,False,12,col_02,3,NÚMERO CONCILIADORES JUZGADO INSTRUCCIÓN PENAL,False,Juzgado de Instrucción Penal,juzgado_instruccion_penal,organo_judicial,,,,,,,,,Potosí,2023,False
3,4.1.7,115,TARIJA,Gran Chaco,Yacuiba,False,16,col_02,3,JUZGADO DE INSTRUCCI PENAL,False,Juzgado de Instrucción Penal,juzgado_instruccion_penal,organo_judicial,,,,,,,,,Tarija,2023,False
4,4.1.7,115,TARIJA,Gran Chaco,Villamontes,False,16,col_02,1,JUZGADO DE INSTRUCCI PENAL,False,Juzgado de Instrucción Penal,juzgado_instruccion_penal,organo_judicial,,,,,,,,,Tarija,2023,False
9,4.1.7,115,TARIJA,TOTALES,,False,16,col_02,4,JUZGADO DE INSTRUCCI PENAL,False,Juzgado de Instrucción Penal,juzgado_instruccion_penal,organo_judicial,,,,,,,,,Tarija,2023,False
4,4.1.8,116,SANTA CRUZ,Warnes,Warnes,False,18,col_02,2,CONCILIADORES JUZGADO DE INSTRUCCI PENAL tiene competencia,False,Juzgado de Instrucción Penal,juzgado_instruccion_penal,organo_judicial,,,,,,,,,Santa Cruz,2023,False
7,4.1.8,116,SANTA CRUZ,Ichilo,Yapacani1,False,18,col_02,1,CONCILIADORES JUZGADO DE INSTRUCCI PENAL tiene competencia,False,Juzgado de Instrucción Penal,juzgado_instruccion_penal,organo_judicial,,,,,,,,,Santa Cruz,2023,False
18,4.1.8,116,SANTA CRUZ,Obispo Santiesteban,Montero,False,18,col_02,4,CONCILIADORES JUZGADO DE INSTRUCCI PENAL tiene competencia,False,Juzgado de Instrucción Penal,juzgado_instruccion_penal,organo_judicial,,,,,,,,,Santa Cruz,2023,False
26,4.1.8,116,SANTA CRUZ,German Bush,Puerto Suárez3,False,18,col_02,1,CONCILIADORES JUZGADO DE INSTRUCCI PENAL tiene competencia,False,Juzgado de Instrucción Penal,juzgado_instruccion_penal,organo_judicial,,,,,,,,,Santa Cruz,2023,False
28,4.1.8,116,SANTA CRUZ,TOTALES,,False,18,col_02,8,CONCILIADORES JUZGADO DE INSTRUCCI PENAL tiene competencia,False,Juzgado de Instrucción Penal,juzgado_instruccion_penal,organo_judicial,,,,,,,,,Santa Cruz,2023,False
1,4.1.9,117,BENI,Vaca Diez,Riberalta,False,15,col_02,2,BENI: CONCILIADORES JUZGADO DE INSTRUCCI PENAL,False,Juzgado de Instrucción Penal,juzgado_instruccion_penal,organo_judicial,,,,,,,,,Beni,2023,False
2,4.1.9,117,BENI,Vaca Diez,Guayaramerín,False,15,col_02,2,BENI: CONCILIADORES JUZGADO DE INSTRUCCI PENAL,False,Juzgado de Instrucción Penal,juzgado_instruccion_penal,organo_judicial,,,,,,,,,Beni,2023,False
10,4.1.9,117,BENI,TOTALES,,False,15,col_02,4,BENI: CONCILIADORES JUZGADO DE INSTRUCCI PENAL,False,Juzgado de Instrucción Penal,juzgado_instruccion_penal,organo_judicial,,,,,,,,,Beni,2023,False
1,4.1.10,118,PANDO,Nicolás Suárez,Porvenir (Campo Ana),False,5,col_02,1,TRIBUNALES JUZGADO PÚBLICO INSTRUCCIÓN PENAL,False,Juzgado Público Mixto e Instrucción Penal,juzgado_publico_mixto_instruccion_penal,organo_judicial,,,,,,,,,Pando,2023,False
2,4.1.10,118,PANDO,Manuripi,Puerto Rico (Victoria),False,5,col_02,1,TRIBUNALES JUZGADO PÚBLICO INSTRUCCIÓN PENAL,False,Juzgado Público Mixto e Instrucción Penal,juzgado_publico_mixto_instruccion_penal,organo_judicial,,,,,,,,,Pando,2023,False
3,4.1.10,118,PANDO,Madre de Dios,Sena,False,5,col_02,1,TRIBUNALES JUZGADO PÚBLICO INSTRUCCIÓN PENAL,False,Juzgado Público Mixto e Instrucción Penal,juzgado_publico_mixto_instruccion_penal,organo_judicial,,,,,,,,,Pando,2023,False
4,4.1.10,118,PANDO,Madre de Dios,Gonzalo Moreno,False,5,col_02,1,TRIBUNALES JUZGADO PÚBLICO INSTRUCCIÓN PENAL,False,Juzgado Público Mixto e Instrucción Penal,juzgado_publico_mixto_instruccion_penal,organo_judicial,,,,,,,,,Pando,2023,False
5,4.1.10,118,PANDO,TOTALES,,False,5,col_02,4,TRIBUNALES JUZGADO PÚBLICO INSTRUCCIÓN PENAL,False,Juzgado Público Mixto e Instrucción Penal,juzgado_publico_mixto_instruccion_penal,organo_judicial,,,,,,,,,Pando,2023,False
1,4.1.1,109,CIUDADES CAPITALES Y EL ALTO,JUZGADOS DE INSTRUCCIÓN,,False,11,col_03,11,CONCILIADORES ALTO Anticorrupción,False,El Alto,ciudad_el_alto,otro,f001,Juzgados de Instrucción,juzgados_instruccion,juzgado,subtotal,f037,1,False,,2023,False
2,4.1.1,109,CIUDADES CAPITALES Y EL ALTO,Penal,,False,11,col_03,7,CONCILIADORES ALTO Anticorrupción,False,El Alto,ciudad_el_alto,otro,f002,Juzgado de Instrucción Penal,juzgado_instruccion_penal,juzgado,detalle,f001,2,True,,2023,False
3,4.1.1,109,CIUDADES CAPITALES Y EL ALTO,Anticorrupción y Contra la Violencia hacia las mujeres,,False,11,col_03,4,CONCILIADORES ALTO Anticorrupción,False,El Alto,ciudad_el_alto,otro,f003,Juzgado de Instrucción Anticorrupción y Contra la Violencia hacia las Mujeres,juzgado_instruccion_anticorrupcion_violencia_mujeres,juzgado,detalle,f001,2,True,,2023,False
6,4.1.1,109,CIUDADES CAPITALES Y EL ALTO,JUZGADOS DE PARTIDO Y TRIBUNALES,,False,11,col_03,25,CONCILIADORES ALTO Anticorrupción,False,El Alto,ciudad_el_alto,otro,f006,Juzgados de Partido y Tribunales,juzgados_partido_tribunales,otro,subtotal,f037,1,False,,2023,False
7,4.1.1,109,CIUDADES CAPITALES Y EL ALTO,Trabajo y Seguridad Social,,False,11,col_03,4,CONCILIADORES ALTO Anticorrupción,False,El Alto,ciudad_el_alto,otro,f007,Juzgado de Partido del Trabajo y Seguridad Social,juzgado_partido_trabajo_seguridad_social,juzgado,detalle,f006,2,True,,2023,False
8,4.1.1,109,CIUDADES CAPITALES Y EL ALTO,Adm. Coactivo Fiscal Tributario,,False,11,col_03,2,CONCILIADORES ALTO Anticorrupción,False,El Alto,ciudad_el_alto,otro,f008,Juzgado de Partido Adm. Coactivo Fiscal Tributario,juzgado_partido_adm_coactivo_fiscal_tributario,juzgado,detalle,f006,2,True,,2023,False
10,4.1.1,109,CIUDADES CAPITALES Y EL ALTO,Sentencia Penal,,False,11,col_03,9,CONCILIADORES ALTO Anticorrupción,False,El Alto,ciudad_el_alto,otro,f010,Juzgado de Sentencia Penal,juzgado_sentencia_penal,juzgado,detalle,f006,2,True,,2023,False
11,4.1.1,109,CIUDADES CAPITALES Y EL ALTO,Sentencia Contra la Violencia hacia las Mujeres,,False,11,col_03,3,CONCILIADORES ALTO Anticorrupción,False,El Alto,ciudad_el_alto,otro,f011,Juzgado de Sentencia Contra la Violencia hacia las Mujeres,juzgado_sentencia_violencia_mujeres,juzgado,detalle,f006,2,True,,2023,False
12,4.1.1,109,CIUDADES CAPITALES Y EL ALTO,Sentencia Anticorrupcion y Contra la Violencia hacia las mujeres,,False,11,col_03,2,CONCILIADORES ALTO Anticorrupción,False,El Alto,ciudad_el_alto,otro,f012,Juzgado de Sentencia Anticorrupción y Contra la Violencia hacia las Mujeres,juzgado_sentencia_anticorrupcion_violencia_mujeres,juzgado,detalle,f006,2,True,,2023,False
16,4.1.1,109,CIUDADES CAPITALES Y EL ALTO,Tribunal de Sentencia,,False,11,col_03,4,CONCILIADORES ALTO Anticorrupción,False,El Alto,ciudad_el_alto,otro,f016,Tribunal de Sentencia,tribunal_sentencia,tribunal,detalle,f006,2,True,,2023,False
19,4.1.1,109,CIUDADES CAPITALES Y EL ALTO,Ejecución Penal,,False,11,col_03,1,CONCILIADORES ALTO Anticorrupción,False,El Alto,ciudad_el_alto,otro,f019,Juzgado de Ejecución Penal,juzgado_ejecucion_penal,juzgado,detalle,f006,2,True,,2023,False
21,4.1.1,109,CIUDADES CAPITALES Y EL ALTO,JUZGADOS PUBLICOS,,False,11,col_03,25,CONCILIADORES ALTO Anticorrupción,False,El Alto,ciudad_el_alto,otro,f021,Juzgados Públicos,juzgados_publicos,juzgado,subtotal,f037,1,False,,2023,False
22,4.1.1,109,CIUDADES CAPITALES Y EL ALTO,Civil y Comercial,,False,11,col_03,12,CONCILIADORES ALTO Anticorrupción,False,El Alto,ciudad_el_alto,otro,f022,Juzgado Público Civil y Comercial,juzgado_publico_civil_comercial,juzgado,detalle,f021,2,True,,2023,False
23,4.1.1,109,CIUDADES CAPITALES Y EL ALTO,Familia,,False,11,col_03,11,CONCILIADORES ALTO Anticorrupción,False,El Alto,ciudad_el_alto,otro,f023,Juzgado Público de Familia,juzgado_publico_familia,juzgado,detalle,f021,2,True,,2023,False
24,4.1.1,109,CIUDADES CAPITALES Y EL ALTO,Niñez y Adolescencia,,False,11,col_03,2,CONCILIADORES ALTO Anticorrupción,False,El Alto,ciudad_el_alto,otro,f024,Juzgado Público de la Niñez y Adolescencia,juzgado_publico_ninez_adolescencia,juzgado,detalle,f021,2,True,,2023,False
25,4.1.1,109,CIUDADES CAPITALES Y EL ALTO,JUZGADOS MIXTOS,,False,11,col_03,6,CONCILIADORES ALTO Anticorrupción,False,El Alto,ciudad_el_alto,otro,f025,Juzgados Mixtos,juzgados_mixtos,juzgado,subtotal,f037,1,False,,2023,False
28,4.1.1,109,CIUDADES CAPITALES Y EL ALTO,"Público Civil y Comercial, de Familia, Niñez y Adolscencia e Instrucción Penal (C. Integrado) y EPI Norte",,False,11,col_03,6,CONCILIADORES ALTO Anticorrupción,False,El Alto,ciudad_el_alto,otro,f028,"Juzgado Mixto Público Civil y Comercial, de Familia, Niñez y Adolescencia e Instrucción Penal (C. Integrado) y EPI Norte",juzgado_mixto_publico_civil_comercial_familia_ninez_adolescencia_instruccion_penal_c_integrado_epi_norte,juzgado,detalle,f025,2,True,,2023,False
29,4.1.1,109,CIUDADES CAPITALES Y EL ALTO,SALAS,,False,11,col_03,0,CONCILIADORES ALTO Anticorrupción,False,El Alto,ciudad_el_alto,otro,f029,Salas,salas,sala,subtotal,f037,1,False,,2023,False
35,4.1.1,109,CIUDADES CAPITALES Y EL ALTO,JUZGADOS DISCIPLINARIOS,,False,11,col_03,0,CONCILIADORES ALTO Anticorrupción,False,El Alto,ciudad_el_alto,otro,f035,Juzgados Disciplinarios,juzgados_disciplinarios,juzgado,detalle,f037,1,True,,2023,False
36,4.1.1,109,CIUDADES CAPITALES Y EL ALTO,CONCILIADORES,,False,11,col_03,9,CONCILIADORES ALTO Anticorrupción,False,El Alto,ciudad_el_alto,otro,f036,Conciliadores,conciliadores,conciliador,detalle,f037,1,True,,2023,False
37,4.1.1,109,CIUDADES CAPITALES Y EL ALTO,TOTAL GENERAL,,False,11,col_03,76,CONCILIADORES ALTO Anticorrupción,False,El Alto,ciudad_el_alto,otro,f037,Total general,total_general,otro,total_general,,0,False,,2023,False
10,4.1.2,110,CHUQUISACA,Hernando Siles Monteagudo,,False,13,col_03,2,DE JUZGADO PÚBLICO CIVIL COMERCIAL,False,Juzgado Público Civil y Comercial,juzgado_publico_civil_comercial,organo_judicial,,,,,,,,,Chuquisaca,2023,False
21,4.1.2,110,CHUQUISACA,TOTALES,,False,13,col_03,2,DE JUZGADO PÚBLICO CIVIL COMERCIAL,False,Juzgado Público Civil y Comercial,juzgado_publico_civil_comercial,organo_judicial,,,,,,,,,Chuquisaca,2023,False
2,4.1.3,111,LA PAZ,Omasuyos,Achacahi,False,12,col_03,1,DE CONCILIADORES JUZGADO PÚBLICO MIXTO,False,Juzgado Público Mixto,juzgado_publico_mixto,organo_judicial,,,,,,,,,La Paz,2023,False
11,4.1.3,111,LA PAZ,Ingavi,Viacha,False,12,col_03,2,DE CONCILIADORES JUZGADO PÚBLICO MIXTO,False,Juzgado Público Mixto,juzgado_publico_mixto,organo_judicial,,,,,,,,,La Paz,2023,False
23,4.1.3,111,LA PAZ,Aroma,Sica Sica,False,12,col_03,1,DE CONCILIADORES JUZGADO PÚBLICO MIXTO,False,Juzgado Público Mixto,juzgado_publico_mixto,organo_judicial,,,,,,,,,La Paz,2023,False
29,4.1.3,111,LA PAZ,Caranavi,Caranavi,False,12,col_03,1,DE CONCILIADORES JUZGADO PÚBLICO MIXTO,False,Juzgado Público Mixto,juzgado_publico_mixto,organo_judicial,,,,,,,,,La Paz,2023,False
30,4.1.3,111,LA PAZ,TOTALES,,False,12,col_03,5,DE CONCILIADORES JUZGADO PÚBLICO MIXTO,False,Juzgado Público Mixto,juzgado_publico_mixto,organo_judicial,,,,,,,,,La Paz,2023,False
11,4.1.4,112,COCHABAMBA,Quillacollo,Quillacollo,False,19,col_03,1,JUZGADO PÚBLICO NIÑEZ ADOLESCE NCIA,False,Juzgado Público de la Niñez y Adolescencia,juzgado_publico_ninez_adolescencia,organo_judicial,,,,,,,,,Cochabamba,2023,False
28,4.1.4,112,COCHABAMBA,TOTALES,,False,19,col_03,1,JUZGADO PÚBLICO NIÑEZ ADOLESCE NCIA,False,Juzgado Público de la Niñez y Adolescencia,juzgado_publico_ninez_adolescencia,organo_judicial,,,,,,,,,Cochabamba,2023,False
8,4.1.5,113,ORURO,Ladislao Cabrera,Salinas de Garci Mendoza,False,9,col_03,1,TRIBUNALES JUZGADO PÚBLICO MIXTO PARTIDO INSTRUCCIÓN PENAL,False,"Juzgado Público Mixto, Partido e Instrucción Penal",juzgado_publico_mixto_partido_instruccion_penal,organo_judicial,,,,,,,,,Oruro,2023,False
9,4.1.5,113,ORURO,Atahuallpa,Sabaya,False,9,col_03,1,TRIBUNALES JUZGADO PÚBLICO MIXTO PARTIDO INSTRUCCIÓN PENAL,False,"Juzgado Público Mixto, Partido e Instrucción Penal",juzgado_publico_mixto_partido_instruccion_penal,organo_judicial,,,,,,,,,Oruro,2023,False
10,4.1.5,113,ORURO,Tomas Barrón,Eucaliptos,False,9,col_03,1,TRIBUNALES JUZGADO PÚBLICO MIXTO PARTIDO INSTRUCCIÓN PENAL,False,"Juzgado Público Mixto, Partido e Instrucción Penal",juzgado_publico_mixto_partido_instruccion_penal,organo_judicial,,,,,,,,,Oruro,2023,False
11,4.1.5,113,ORURO,Sebastián Pagador,Santiago de Huari,False,9,col_03,1,TRIBUNALES JUZGADO PÚBLICO MIXTO PARTIDO INSTRUCCIÓN PENAL,False,"Juzgado Público Mixto, Partido e Instrucción Penal",juzgado_publico_mixto_partido_instruccion_penal,organo_judicial,,,,,,,,,Oruro,2023,False
13,4.1.5,113,ORURO,TOTALES,,False,9,col_03,4,TRIBUNALES JUZGADO PÚBLICO MIXTO PARTIDO INSTRUCCIÓN PENAL,False,"Juzgado Público Mixto, Partido e Instrucción Penal",juzgado_publico_mixto_partido_instruccion_penal,organo_judicial,,,,,,,,,Oruro,2023,False
3,4.1.6,114,POTOSI,Rafael Bustillos,Llallagua,False,12,col_03,1,DE JUZGADO PÚBLICO FAMILIA,False,Juzgado Público de Familia,juzgado_publico_familia,organo_judicial,,,,,,,,,Potosí,2023,False
14,4.1.6,114,POTOSI,Sud Chichas,Tupiza,False,12,col_03,1,DE JUZGADO PÚBLICO FAMILIA,False,Juzgado Público de Familia,juzgado_publico_familia,organo_judicial,,,,,,,,,Potosí,2023,False
19,4.1.6,114,POTOSI,Quijarro,Uyuni,False,12,col_03,1,DE JUZGADO PÚBLICO FAMILIA,False,Juzgado Público de Familia,juzgado_publico_familia,organo_judicial,,,,,,,,,Potosí,2023,False
24,4.1.6,114,POTOSI,TOTALES,,False,12,col_03,3,DE JUZGADO PÚBLICO FAMILIA,False,Juzgado Público de Familia,juzgado_publico_familia,organo_judicial,,,,,,,,,Potosí,2023,False
3,4.1.7,115,TARIJA,Gran Chaco,Yacuiba,False,16,col_03,2,TARIJA: JUZGADO PÚBLICO FAMILIA,False,Juzgado Público de Familia,juzgado_publico_familia,organo_judicial,,,,,,,,,Tarija,2023,False
9,4.1.7,115,TARIJA,TOTALES,,False,16,col_03,2,TARIJA: JUZGADO PÚBLICO FAMILIA,False,Juzgado Público de Familia,juzgado_publico_familia,organo_judicial,,,,,,,,,Tarija,2023,False
15,4.1.8,116,SANTA CRUZ,Cordillera,Camiri2,False,18,col_03,1,SANTA JUZGADO PÚBLICO FAMILIA competencia en competencia,False,Juzgado Público de Familia,juzgado_publico_familia,organo_judicial,,,,,,,,,Santa Cruz,2023,False
18,4.1.8,116,SANTA CRUZ,Obispo Santiesteban,Montero,False,18,col_03,2,SANTA JUZGADO PÚBLICO FAMILIA competencia en competencia,False,Juzgado Público de Familia,juzgado_publico_familia,organo_judicial,,,,,,,,,Santa Cruz,2023,False
28,4.1.8,116,SANTA CRUZ,TOTALES,,False,18,col_03,3,SANTA JUZGADO PÚBLICO FAMILIA competencia en competencia,False,Juzgado Público de Familia,juzgado_publico_familia,organo_judicial,,,,,,,,,Santa Cruz,2023,False
1,4.1.9,117,BENI,Vaca Diez,Riberalta,False,15,col_03,1,NÚMERO JUZGADO DE INSTRUCCI CONTRA LA VIOLENCIA,False,Juzgado de Instrucción Contra la Violencia,juzgado_instruccion_contra_violencia,organo_judicial,,,,,,,,,Beni,2023,False
10,4.1.9,117,BENI,TOTALES,,False,15,col_03,1,NÚMERO JUZGADO DE INSTRUCCI CONTRA LA VIOLENCIA,False,Juzgado de Instrucción Contra la Violencia,juzgado_instruccion_contra_violencia,organo_judicial,,,,,,,,,Beni,2023,False
2,4.1.10,118,PANDO,Manuripi,Puerto Rico (Victoria),False,5,col_03,1,CONCILIADORES JUZGADO CONCILIADOR,False,Conciliador,conciliador,conciliador,,,,,,,,,Pando,2023,False
5,4.1.10,118,PANDO,TOTALES,,False,5,col_03,1,CONCILIADORES JUZGADO CONCILIADOR,False,Conciliador,conciliador,conciliador,,,,,,,,,Pando,2023,False
1,4.1.1,109,CIUDADES CAPITALES Y EL ALTO,JUZGADOS DE INSTRUCCIÓN,,False,11,col_04,11,CIUDADES COCHABAM 1 BA,False,Cochabamba,ciudad_cochabamba,otro,f001,Juzgados de Instrucción,juzgados_instruccion,juzgado,subtotal,f037,1,False,,2023,False
2,4.1.1,109,CIUDADES CAPITALES Y EL ALTO,Penal,,False,11,col_04,7,CIUDADES COCHABAM 1 BA,False,Cochabamba,ciudad_cochabamba,otro,f002,Juzgado de Instrucción Penal,juzgado_instruccion_penal,juzgado,detalle,f001,2,True,,2023,False
4,4.1.1,109,CIUDADES CAPITALES Y EL ALTO,Contra la Violencia hacia las mujeres,,False,11,col_04,3,CIUDADES COCHABAM 1 BA,False,Cochabamba,ciudad_cochabamba,otro,f004,Juzgado de Instrucción Contra la Violencia hacia las Mujeres,juzgado_instruccion_violencia_mujeres,juzgado,detalle,f001,2,True,,2023,False
5,4.1.1,109,CIUDADES CAPITALES Y EL ALTO,Anticorrupción,,False,11,col_04,1,CIUDADES COCHABAM 1 BA,False,Cochabamba,ciudad_cochabamba,otro,f005,Juzgado de Instrucción Anticorrupción,juzgado_instruccion_anticorrupcion,juzgado,detalle,f001,2,True,,2023,False
6,4.1.1,109,CIUDADES CAPITALES Y EL ALTO,JUZGADOS DE PARTIDO Y TRIBUNALES,,False,11,col_04,33,CIUDADES COCHABAM 1 BA,False,Cochabamba,ciudad_cochabamba,otro,f006,Juzgados de Partido y Tribunales,juzgados_partido_tribunales,otro,subtotal,f037,1,False,,2023,False
7,4.1.1,109,CIUDADES CAPITALES Y EL ALTO,Trabajo y Seguridad Social,,False,11,col_04,6,CIUDADES COCHABAM 1 BA,False,Cochabamba,ciudad_cochabamba,otro,f007,Juzgado de Partido del Trabajo y Seguridad Social,juzgado_partido_trabajo_seguridad_social,juzgado,detalle,f006,2,True,,2023,False
8,4.1.1,109,CIUDADES CAPITALES Y EL ALTO,Adm. Coactivo Fiscal Tributario,,False,11,col_04,1,CIUDADES COCHABAM 1 BA,False,Cochabamba,ciudad_cochabamba,otro,f008,Juzgado de Partido Adm. Coactivo Fiscal Tributario,juzgado_partido_adm_coactivo_fiscal_tributario,juzgado,detalle,f006,2,True,,2023,False
10,4.1.1,109,CIUDADES CAPITALES Y EL ALTO,Sentencia Penal,,False,11,col_04,13,CIUDADES COCHABAM 1 BA,False,Cochabamba,ciudad_cochabamba,otro,f010,Juzgado de Sentencia Penal,juzgado_sentencia_penal,juzgado,detalle,f006,2,True,,2023,False
11,4.1.1,109,CIUDADES CAPITALES Y EL ALTO,Sentencia Contra la Violencia hacia las Mujeres,,False,11,col_04,3,CIUDADES COCHABAM 1 BA,False,Cochabamba,ciudad_cochabamba,otro,f011,Juzgado de Sentencia Contra la Violencia hacia las Mujeres,juzgado_sentencia_violencia_mujeres,juzgado,detalle,f006,2,True,,2023,False
14,4.1.1,109,CIUDADES CAPITALES Y EL ALTO,Sentencia Penal y Perdida de Dominio,,False,11,col_04,1,CIUDADES COCHABAM 1 BA,False,Cochabamba,ciudad_cochabamba,otro,f014,Juzgado de Sentencia Penal y Pérdida de Dominio,juzgado_sentencia_penal_perdida_dominio,juzgado,detalle,f006,2,True,,2023,False
16,4.1.1,109,CIUDADES CAPITALES Y EL ALTO,Tribunal de Sentencia,,False,11,col_04,4,CIUDADES COCHABAM 1 BA,False,Cochabamba,ciudad_cochabamba,otro,f016,Tribunal de Sentencia,tribunal_sentencia,tribunal,detalle,f006,2,True,,2023,False
19,4.1.1,109,CIUDADES CAPITALES Y EL ALTO,Ejecución Penal,,False,11,col_04,4,CIUDADES COCHABAM 1 BA,False,Cochabamba,ciudad_cochabamba,otro,f019,Juzgado de Ejecución Penal,juzgado_ejecucion_penal,juzgado,detalle,f006,2,True,,2023,False
20,4.1.1,109,CIUDADES CAPITALES Y EL ALTO,Agroambientales,,False,11,col_04,1,CIUDADES COCHABAM 1 BA,False,Cochabamba,ciudad_cochabamba,otro,f020,Juzgado Agroambiental,juzgado_agroambiental,juzgado,detalle,f006,2,True,,2023,False
21,4.1.1,109,CIUDADES CAPITALES Y EL ALTO,JUZGADOS PUBLICOS,,False,11,col_04,39,CIUDADES COCHABAM 1 BA,False,Cochabamba,ciudad_cochabamba,otro,f021,Juzgados Públicos,juzgados_publicos,juzgado,subtotal,f037,1,False,,2023,False
22,4.1.1,109,CIUDADES CAPITALES Y EL ALTO,Civil y Comercial,,False,11,col_04,23,CIUDADES COCHABAM 1 BA,False,Cochabamba,ciudad_cochabamba,otro,f022,Juzgado Público Civil y Comercial,juzgado_publico_civil_comercial,juzgado,detalle,f021,2,True,,2023,False
23,4.1.1,109,CIUDADES CAPITALES Y EL ALTO,Familia,,False,11,col_04,13,CIUDADES COCHABAM 1 BA,False,Cochabamba,ciudad_cochabamba,otro,f023,Juzgado Público de Familia,juzgado_publico_familia,juzgado,detalle,f021,2,True,,2023,False
24,4.1.1,109,CIUDADES CAPITALES Y EL ALTO,Niñez y Adolescencia,,False,11,col_04,3,CIUDADES COCHABAM 1 BA,False,Cochabamba,ciudad_cochabamba,otro,f024,Juzgado Público de la Niñez y Adolescencia,juzgado_publico_ninez_adolescencia,juzgado,detalle,f021,2,True,,2023,False
25,4.1.1,109,CIUDADES CAPITALES Y EL ALTO,JUZGADOS MIXTOS,,False,11,col_04,11,CIUDADES COCHABAM 1 BA,False,Cochabamba,ciudad_cochabamba,otro,f025,Juzgados Mixtos,juzgados_mixtos,juzgado,subtotal,f037,1,False,,2023,False
26,4.1.1,109,CIUDADES CAPITALES Y EL ALTO,Instrucción Penal y Contra la Violencia hacia las Mujeres (EPI NORTE- EPI SUR),,False,11,col_04,4,CIUDADES COCHABAM 1 BA,False,Cochabamba,ciudad_cochabamba,otro,f026,Juzgado Mixto de Instrucción Penal y Contra la Violencia hacia las Mujeres (EPI Norte-EPI Sur),juzgado_mixto_instruccion_penal_violencia_mujeres_epi_norte_sur,juzgado,detalle,f025,2,True,,2023,False
27,4.1.1,109,CIUDADES CAPITALES Y EL ALTO,"Público Civil y Comercial, de Familia e Instrucción Penal (EPI SUR Y SUD ESTE, Plan 3000)",,False,11,col_04,6,CIUDADES COCHABAM 1 BA,False,Cochabamba,ciudad_cochabamba,otro,f027,"Juzgado Mixto Público Civil y Comercial, de Familia e Instrucción Penal (EPI Sur y Sud Este, Plan 3000)",juzgado_mixto_publico_civil_comercial_familia_instruccion_penal_epi_sur_sud_este_plan_3000,juzgado,detalle,f025,2,True,,2023,False
28,4.1.1,109,CIUDADES CAPITALES Y EL ALTO,"Público Civil y Comercial, de Familia, Niñez y Adolscencia e Instrucción Penal (C. Integrado) y EPI Norte",,False,11,col_04,1,CIUDADES COCHABAM 1 BA,False,Cochabamba,ciudad_cochabamba,otro,f028,"Juzgado Mixto Público Civil y Comercial, de Familia, Niñez y Adolescencia e Instrucción Penal (C. Integrado) y EPI Norte",juzgado_mixto_publico_civil_comercial_familia_ninez_adolescencia_instruccion_penal_c_integrado_epi_norte,juzgado,detalle,f025,2,True,,2023,False
29,4.1.1,109,CIUDADES CAPITALES Y EL ALTO,SALAS,,False,11,col_04,12,CIUDADES COCHABAM 1 BA,False,Cochabamba,ciudad_cochabamba,otro,f029,Salas,salas,sala,subtotal,f037,1,False,,2023,False
30,4.1.1,109,CIUDADES CAPITALES Y EL ALTO,Civil,,False,11,col_04,2,CIUDADES COCHABAM 1 BA,False,Cochabamba,ciudad_cochabamba,otro,f030,Sala Civil,sala_civil,sala,detalle,f029,2,True,,2023,False
31,4.1.1,109,CIUDADES CAPITALES Y EL ALTO,Penal,,False,11,col_04,4,CIUDADES COCHABAM 1 BA,False,Cochabamba,ciudad_cochabamba,otro,f031,Sala Penal,sala_penal,sala,detalle,f029,2,True,,2023,False
32,4.1.1,109,CIUDADES CAPITALES Y EL ALTO,Social Administrativa,,False,11,col_04,2,CIUDADES COCHABAM 1 BA,False,Cochabamba,ciudad_cochabamba,otro,f032,Sala Social Administrativa,sala_social_administrativa,sala,detalle,f029,2,True,,2023,False
33,4.1.1,109,CIUDADES CAPITALES Y EL ALTO,"Familia, Niñez y Adolescencia",,False,11,col_04,1,CIUDADES COCHABAM 1 BA,False,Cochabamba,ciudad_cochabamba,otro,f033,"Sala de Familia, Niñez y Adolescencia",sala_familia_ninez_adolescencia,sala,detalle,f029,2,True,,2023,False
34,4.1.1,109,CIUDADES CAPITALES Y EL ALTO,Constitucionales,,False,11,col_04,3,CIUDADES COCHABAM 1 BA,False,Cochabamba,ciudad_cochabamba,otro,f034,Sala Constitucional,sala_constitucional,sala,detalle,f029,2,True,,2023,False
35,4.1.1,109,CIUDADES CAPITALES Y EL ALTO,JUZGADOS DISCIPLINARIOS,,False,11,col_04,3,CIUDADES COCHABAM 1 BA,False,Cochabamba,ciudad_cochabamba,otro,f035,Juzgados Disciplinarios,juzgados_disciplinarios,juzgado,detalle,f037,1,True,,2023,False
36,4.1.1,109,CIUDADES CAPITALES Y EL ALTO,CONCILIADORES,,False,11,col_04,17,CIUDADES COCHABAM 1 BA,False,Cochabamba,ciudad_cochabamba,otro,f036,Conciliadores,conciliadores,conciliador,detalle,f037,1,True,,2023,False
37,4.1.1,109,CIUDADES CAPITALES Y EL ALTO,TOTAL GENERAL,,False,11,col_04,126,CIUDADES COCHABAM 1 BA,False,Cochabamba,ciudad_cochabamba,otro,f037,Total general,total_general,otro,total_general,,0,False,,2023,False
7,4.1.2,110,CHUQUISACA,Tomina,Padillla,False,13,col_04,1,"JUZGADOS, JUZGADO PÚBLICO MIXTO",False,Juzgado Público Mixto,juzgado_publico_mixto,organo_judicial,,,,,,,,,Chuquisaca,2023,False
21,4.1.2,110,CHUQUISACA,TOTALES,,False,13,col_04,1,"JUZGADOS, JUZGADO PÚBLICO MIXTO",False,Juzgado Público Mixto,juzgado_publico_mixto,organo_judicial,,,,,,,,,Chuquisaca,2023,False
1,4.1.3,111,LA PAZ,Murillo,Achocalla,False,12,col_04,1,"JUZGADOS, JUZGADO PÚBLICO MIXTO INSTRUCCIÓN PENAL",False,Juzgado Público Mixto e Instrucción Penal,juzgado_publico_mixto_instruccion_penal,organo_judicial,,,,,,,,,La Paz,2023,False
2,4.1.3,111,LA PAZ,Omasuyos,Achacahi,False,12,col_04,1,"JUZGADOS, JUZGADO PÚBLICO MIXTO INSTRUCCIÓN PENAL",False,Juzgado Público Mixto e Instrucción Penal,juzgado_publico_mixto_instruccion_penal,organo_judicial,,,,,,,,,La Paz,2023,False
3,4.1.3,111,LA PAZ,Pacajes,Coro Coro,False,12,col_04,1,"JUZGADOS, JUZGADO PÚBLICO MIXTO INSTRUCCIÓN PENAL",False,Juzgado Público Mixto e Instrucción Penal,juzgado_publico_mixto_instruccion_penal,organo_judicial,,,,,,,,,La Paz,2023,False
8,4.1.3,111,LA PAZ,Larecaja,Sorata,False,12,col_04,1,"JUZGADOS, JUZGADO PÚBLICO MIXTO INSTRUCCIÓN PENAL",False,Juzgado Público Mixto e Instrucción Penal,juzgado_publico_mixto_instruccion_penal,organo_judicial,,,,,,,,,La Paz,2023,False
9,4.1.3,111,LA PAZ,Larecaja,Guanay,False,12,col_04,1,"JUZGADOS, JUZGADO PÚBLICO MIXTO INSTRUCCIÓN PENAL",False,Juzgado Público Mixto e Instrucción Penal,juzgado_publico_mixto_instruccion_penal,organo_judicial,,,,,,,,,La Paz,2023,False
10,4.1.3,111,LA PAZ,Franz Tamayo,Apolo,False,12,col_04,1,"JUZGADOS, JUZGADO PÚBLICO MIXTO INSTRUCCIÓN PENAL",False,Juzgado Público Mixto e Instrucción Penal,juzgado_publico_mixto_instruccion_penal,organo_judicial,,,,,,,,,La Paz,2023,False
12,4.1.3,111,LA PAZ,Ingavi,Guaqui,False,12,col_04,1,"JUZGADOS, JUZGADO PÚBLICO MIXTO INSTRUCCIÓN PENAL",False,Juzgado Público Mixto e Instrucción Penal,juzgado_publico_mixto_instruccion_penal,organo_judicial,,,,,,,,,La Paz,2023,False
17,4.1.3,111,LA PAZ,Inquisivi,Quime,False,12,col_04,1,"JUZGADOS, JUZGADO PÚBLICO MIXTO INSTRUCCIÓN PENAL",False,Juzgado Público Mixto e Instrucción Penal,juzgado_publico_mixto_instruccion_penal,organo_judicial,,,,,,,,,La Paz,2023,False
19,4.1.3,111,LA PAZ,Sud Yungas,Chulumani,False,12,col_04,1,"JUZGADOS, JUZGADO PÚBLICO MIXTO INSTRUCCIÓN PENAL",False,Juzgado Público Mixto e Instrucción Penal,juzgado_publico_mixto_instruccion_penal,organo_judicial,,,,,,,,,La Paz,2023,False
20,4.1.3,111,LA PAZ,Sud Yungas,Palos Blancos,False,12,col_04,1,"JUZGADOS, JUZGADO PÚBLICO MIXTO INSTRUCCIÓN PENAL",False,Juzgado Público Mixto e Instrucción Penal,juzgado_publico_mixto_instruccion_penal,organo_judicial,,,,,,,,,La Paz,2023,False
21,4.1.3,111,LA PAZ,Sud Yungas,La Asunta,False,12,col_04,1,"JUZGADOS, JUZGADO PÚBLICO MIXTO INSTRUCCIÓN PENAL",False,Juzgado Público Mixto e Instrucción Penal,juzgado_publico_mixto_instruccion_penal,organo_judicial,,,,,,,,,La Paz,2023,False
22,4.1.3,111,LA PAZ,Los Andes,Pucarani,False,12,col_04,1,"JUZGADOS, JUZGADO PÚBLICO MIXTO INSTRUCCIÓN PENAL",False,Juzgado Público Mixto e Instrucción Penal,juzgado_publico_mixto_instruccion_penal,organo_judicial,,,,,,,,,La Paz,2023,False
23,4.1.3,111,LA PAZ,Aroma,Sica Sica,False,12,col_04,1,"JUZGADOS, JUZGADO PÚBLICO MIXTO INSTRUCCIÓN PENAL",False,Juzgado Público Mixto e Instrucción Penal,juzgado_publico_mixto_instruccion_penal,organo_judicial,,,,,,,,,La Paz,2023,False
24,4.1.3,111,LA PAZ,Aroma,Patacamaya,False,12,col_04,1,"JUZGADOS, JUZGADO PÚBLICO MIXTO INSTRUCCIÓN PENAL",False,Juzgado Público Mixto e Instrucción Penal,juzgado_publico_mixto_instruccion_penal,organo_judicial,,,,,,,,,La Paz,2023,False
25,4.1.3,111,LA PAZ,Nor Yungas,Coroico,False,12,col_04,1,"JUZGADOS, JUZGADO PÚBLICO MIXTO INSTRUCCIÓN PENAL",False,Juzgado Público Mixto e Instrucción Penal,juzgado_publico_mixto_instruccion_penal,organo_judicial,,,,,,,,,La Paz,2023,False
26,4.1.3,111,LA PAZ,Abel Iturralde,Ixiamas,False,12,col_04,1,"JUZGADOS, JUZGADO PÚBLICO MIXTO INSTRUCCIÓN PENAL",False,Juzgado Público Mixto e Instrucción Penal,juzgado_publico_mixto_instruccion_penal,organo_judicial,,,,,,,,,La Paz,2023,False
27,4.1.3,111,LA PAZ,Baptista Saavedra Charazani (Gral. Juan J. P,,False,12,col_04,1,"JUZGADOS, JUZGADO PÚBLICO MIXTO INSTRUCCIÓN PENAL",False,Juzgado Público Mixto e Instrucción Penal,juzgado_publico_mixto_instruccion_penal,organo_judicial,,,,,,,,,La Paz,2023,False
28,4.1.3,111,LA PAZ,Manco Kapac,Copacabana,False,12,col_04,1,"JUZGADOS, JUZGADO PÚBLICO MIXTO INSTRUCCIÓN PENAL",False,Juzgado Público Mixto e Instrucción Penal,juzgado_publico_mixto_instruccion_penal,organo_judicial,,,,,,,,,La Paz,2023,False
29,4.1.3,111,LA PAZ,Caranavi,Caranavi,False,12,col_04,1,"JUZGADOS, JUZGADO PÚBLICO MIXTO INSTRUCCIÓN PENAL",False,Juzgado Público Mixto e Instrucción Penal,juzgado_publico_mixto_instruccion_penal,organo_judicial,,,,,,,,,La Paz,2023,False
30,4.1.3,111,LA PAZ,TOTALES,,False,12,col_04,19,"JUZGADOS, JUZGADO PÚBLICO MIXTO INSTRUCCIÓN PENAL",False,Juzgado Público Mixto e Instrucción Penal,juzgado_publico_mixto_instruccion_penal,organo_judicial,,,,,,,,,La Paz,2023,False
11,4.1.4,112,COCHABAMBA,Quillacollo,Quillacollo,False,19,col_04,3,COCHABAMBA: CONCILIADORES JUZGADO PÚBLICO FAMILIA,False,Juzgado Público de Familia,juzgado_publico_familia,organo_judicial,,,,,,,,,Cochabamba,2023,False
28,4.1.4,112,COCHABAMBA,TOTALES,,False,19,col_04,3,COCHABAMBA: CONCILIADORES JUZGADO PÚBLICO FAMILIA,False,Juzgado Público de Familia,juzgado_publico_familia,organo_judicial,,,,,,,,,Cochabamba,2023,False
1,4.1.5,113,ORURO,Cercado,Caracollo,False,9,col_04,1,JUZGADO PÚBLICO MIXTO PARTIDO SENTENCIA PENAL,False,"Juzgado Público Mixto, Partido y de Sentencia Penal",juzgado_publico_mixto_partido_sentencia_penal,organo_judicial,,,,,,,,,Oruro,2023,False
3,4.1.5,113,ORURO,Carangas,Corque,False,9,col_04,1,JUZGADO PÚBLICO MIXTO PARTIDO SENTENCIA PENAL,False,"Juzgado Público Mixto, Partido y de Sentencia Penal",juzgado_publico_mixto_partido_sentencia_penal,organo_judicial,,,,,,,,,Oruro,2023,False
13,4.1.5,113,ORURO,TOTALES,,False,9,col_04,2,JUZGADO PÚBLICO MIXTO PARTIDO SENTENCIA PENAL,False,"Juzgado Público Mixto, Partido y de Sentencia Penal",juzgado_publico_mixto_partido_sentencia_penal,organo_judicial,,,,,,,,,Oruro,2023,False
2,4.1.6,114,POTOSI,Rafael Bustillos,Uncía,False,12,col_04,2,"JUZGADOS, JUZGADO PÚBLICO COMERCIAL",False,Juzgado Público Civil y Comercial,juzgado_publico_civil_comercial,organo_judicial,,,,,,,,,Potosí,2023,False
3,4.1.6,114,POTOSI,Rafael Bustillos,Llallagua,False,12,col_04,3,"JUZGADOS, JUZGADO PÚBLICO COMERCIAL",False,Juzgado Público Civil y Comercial,juzgado_publico_civil_comercial,organo_judicial,,,,,,,,,Potosí,2023,False
14,4.1.6,114,POTOSI,Sud Chichas,Tupiza,False,12,col_04,3,"JUZGADOS, JUZGADO PÚBLICO COMERCIAL",False,Juzgado Público Civil y Comercial,juzgado_publico_civil_comercial,organo_judicial,,,,,,,,,Potosí,2023,False
19,4.1.6,114,POTOSI,Quijarro,Uyuni,False,12,col_04,2,"JUZGADOS, JUZGADO PÚBLICO COMERCIAL",False,Juzgado Público Civil y Comercial,juzgado_publico_civil_comercial,organo_judicial,,,,,,,,,Potosí,2023,False
23,4.1.6,114,POTOSI,Modesto Omiste,Villazón,False,12,col_04,2,"JUZGADOS, JUZGADO PÚBLICO COMERCIAL",False,Juzgado Público Civil y Comercial,juzgado_publico_civil_comercial,organo_judicial,,,,,,,,,Potosí,2023,False
24,4.1.6,114,POTOSI,TOTALES,,False,12,col_04,12,"JUZGADOS, JUZGADO PÚBLICO COMERCIAL",False,Juzgado Público Civil y Comercial,juzgado_publico_civil_comercial,organo_judicial,,,,,,,,,Potosí,2023,False
2,4.1.7,115,TARIJA,Aniceto Arce,Bermejo,False,16,col_04,2,NÚMERO CONCILIADORES JUZGADO PÚBLICO CIVIL COMERCIA L,False,Juzgado Público Civil y Comercial,juzgado_publico_civil_comercial,organo_judicial,,,,,,,,,Tarija,2023,False
3,4.1.7,115,TARIJA,Gran Chaco,Yacuiba,False,16,col_04,3,NÚMERO CONCILIADORES JUZGADO PÚBLICO CIVIL COMERCIA L,False,Juzgado Público Civil y Comercial,juzgado_publico_civil_comercial,organo_judicial,,,,,,,,,Tarija,2023,False
9,4.1.7,115,TARIJA,TOTALES,,False,16,col_04,5,NÚMERO CONCILIADORES JUZGADO PÚBLICO CIVIL COMERCIA L,False,Juzgado Público Civil y Comercial,juzgado_publico_civil_comercial,organo_judicial,,,,,,,,,Tarija,2023,False
4,4.1.8,116,SANTA CRUZ,Warnes,Warnes,False,18,col_04,1,NÚMERO JUZGADO PÚBLICO CIVIL COMERCIAL materia materia de en materia,False,Juzgado Público Civil y Comercial,juzgado_publico_civil_comercial,organo_judicial,,,,,,,,,Santa Cruz,2023,False
15,4.1.8,116,SANTA CRUZ,Cordillera,Camiri2,False,18,col_04,3,NÚMERO JUZGADO PÚBLICO CIVIL COMERCIAL materia materia de en materia,False,Juzgado Público Civil y Comercial,juzgado_publico_civil_comercial,organo_judicial,,,,,,,,,Santa Cruz,2023,False
16,4.1.8,116,SANTA CRUZ,Vallegrande,Vallegrande,False,18,col_04,1,NÚMERO JUZGADO PÚBLICO CIVIL COMERCIAL materia materia de en materia,False,Juzgado Público Civil y Comercial,juzgado_publico_civil_comercial,organo_judicial,,,,,,,,,Santa Cruz,2023,False
18,4.1.8,116,SANTA CRUZ,Obispo Santiesteban,Montero,False,18,col_04,4,NÚMERO JUZGADO PÚBLICO CIVIL COMERCIAL materia materia de en materia,False,Juzgado Público Civil y Comercial,juzgado_publico_civil_comercial,organo_judicial,,,,,,,,,Santa Cruz,2023,False
26,4.1.8,116,SANTA CRUZ,German Bush,Puerto Suárez3,False,18,col_04,1,NÚMERO JUZGADO PÚBLICO CIVIL COMERCIAL materia materia de en materia,False,Juzgado Público Civil y Comercial,juzgado_publico_civil_comercial,organo_judicial,,,,,,,,,Santa Cruz,2023,False
28,4.1.8,116,SANTA CRUZ,TOTALES,,False,18,col_04,10,NÚMERO JUZGADO PÚBLICO CIVIL COMERCIAL materia materia de en materia,False,Juzgado Público Civil y Comercial,juzgado_publico_civil_comercial,organo_judicial,,,,,,,,,Santa Cruz,2023,False
4,4.1.9,117,BENI,Gral. José Ballivián,San Borja,False,15,col_04,1,"JUZGADOS, JUZGADO PÚBLICO CIVIL COMERCIAL",False,Juzgado Público Civil y Comercial,juzgado_publico_civil_comercial,organo_judicial,,,,,,,,,Beni,2023,False
6,4.1.9,117,BENI,Yacuma,Santa Ana,False,15,col_04,1,"JUZGADOS, JUZGADO PÚBLICO CIVIL COMERCIAL",False,Juzgado Público Civil y Comercial,juzgado_publico_civil_comercial,organo_judicial,,,,,,,,,Beni,2023,False
10,4.1.9,117,BENI,TOTALES,,False,15,col_04,2,"JUZGADOS, JUZGADO PÚBLICO CIVIL COMERCIAL",False,Juzgado Público Civil y Comercial,juzgado_publico_civil_comercial,organo_judicial,,,,,,,,,Beni,2023,False
3,4.1.10,118,PANDO,Madre de Dios,Sena,False,5,col_04,1,PROVINCIAS JUZGADO AGROAMBIENTAL,False,Juzgado Agroambiental,juzgado_agroambiental,organo_judicial,,,,,,,,,Pando,2023,False
5,4.1.10,118,PANDO,TOTALES,,False,5,col_04,1,PROVINCIAS JUZGADO AGROAMBIENTAL,False,Juzgado Agroambiental,juzgado_agroambiental,organo_judicial,,,,,,,,,Pando,2023,False
1,4.1.1,109,CIUDADES CAPITALES Y EL ALTO,JUZGADOS DE INSTRUCCIÓN,,False,11,col_05,8,CAPITALES ORURO 48,False,Oruro,ciudad_oruro,otro,f001,Juzgados de Instrucción,juzgados_instruccion,juzgado,subtotal,f037,1,False,,2023,False
2,4.1.1,109,CIUDADES CAPITALES Y EL ALTO,Penal,,False,11,col_05,7,CAPITALES ORURO 48,False,Oruro,ciudad_oruro,otro,f002,Juzgado de Instrucción Penal,juzgado_instruccion_penal,juzgado,detalle,f001,2,True,,2023,False
4,4.1.1,109,CIUDADES CAPITALES Y EL ALTO,Contra la Violencia hacia las mujeres,,False,11,col_05,1,CAPITALES ORURO 48,False,Oruro,ciudad_oruro,otro,f004,Juzgado de Instrucción Contra la Violencia hacia las Mujeres,juzgado_instruccion_violencia_mujeres,juzgado,detalle,f001,2,True,,2023,False
6,4.1.1,109,CIUDADES CAPITALES Y EL ALTO,JUZGADOS DE PARTIDO Y TRIBUNALES,,False,11,col_05,15,CAPITALES ORURO 48,False,Oruro,ciudad_oruro,otro,f006,Juzgados de Partido y Tribunales,juzgados_partido_tribunales,otro,subtotal,f037,1,False,,2023,False
9,4.1.1,109,CIUDADES CAPITALES Y EL ALTO,Trabajo y Seguridad Social y Adm. Coactivo Fiscal y Tributario,,False,11,col_05,3,CAPITALES ORURO 48,False,Oruro,ciudad_oruro,otro,f009,Juzgado de Partido del Trabajo y Seguridad Social y Adm. Coactivo Fiscal y Tributario,juzgado_partido_trabajo_seguridad_social_adm_coactivo_fiscal_tributario,juzgado,detalle,f006,2,True,,2023,False
10,4.1.1,109,CIUDADES CAPITALES Y EL ALTO,Sentencia Penal,,False,11,col_05,7,CAPITALES ORURO 48,False,Oruro,ciudad_oruro,otro,f010,Juzgado de Sentencia Penal,juzgado_sentencia_penal,juzgado,detalle,f006,2,True,,2023,False
16,4.1.1,109,CIUDADES CAPITALES Y EL ALTO,Tribunal de Sentencia,,False,11,col_05,3,CAPITALES ORURO 48,False,Oruro,ciudad_oruro,otro,f016,Tribunal de Sentencia,tribunal_sentencia,tribunal,detalle,f006,2,True,,2023,False
19,4.1.1,109,CIUDADES CAPITALES Y EL ALTO,Ejecución Penal,,False,11,col_05,1,CAPITALES ORURO 48,False,Oruro,ciudad_oruro,otro,f019,Juzgado de Ejecución Penal,juzgado_ejecucion_penal,juzgado,detalle,f006,2,True,,2023,False
20,4.1.1,109,CIUDADES CAPITALES Y EL ALTO,Agroambientales,,False,11,col_05,1,CAPITALES ORURO 48,False,Oruro,ciudad_oruro,otro,f020,Juzgado Agroambiental,juzgado_agroambiental,juzgado,detalle,f006,2,True,,2023,False
21,4.1.1,109,CIUDADES CAPITALES Y EL ALTO,JUZGADOS PUBLICOS,,False,11,col_05,25,CAPITALES ORURO 48,False,Oruro,ciudad_oruro,otro,f021,Juzgados Públicos,juzgados_publicos,juzgado,subtotal,f037,1,False,,2023,False
22,4.1.1,109,CIUDADES CAPITALES Y EL ALTO,Civil y Comercial,,False,11,col_05,14,CAPITALES ORURO 48,False,Oruro,ciudad_oruro,otro,f022,Juzgado Público Civil y Comercial,juzgado_publico_civil_comercial,juzgado,detalle,f021,2,True,,2023,False
23,4.1.1,109,CIUDADES CAPITALES Y EL ALTO,Familia,,False,11,col_05,9,CAPITALES ORURO 48,False,Oruro,ciudad_oruro,otro,f023,Juzgado Público de Familia,juzgado_publico_familia,juzgado,detalle,f021,2,True,,2023,False
24,4.1.1,109,CIUDADES CAPITALES Y EL ALTO,Niñez y Adolescencia,,False,11,col_05,2,CAPITALES ORURO 48,False,Oruro,ciudad_oruro,otro,f024,Juzgado Público de la Niñez y Adolescencia,juzgado_publico_ninez_adolescencia,juzgado,detalle,f021,2,True,,2023,False
25,4.1.1,109,CIUDADES CAPITALES Y EL ALTO,JUZGADOS MIXTOS,,False,11,col_05,0,CAPITALES ORURO 48,False,Oruro,ciudad_oruro,otro,f025,Juzgados Mixtos,juzgados_mixtos,juzgado,subtotal,f037,1,False,,2023,False
29,4.1.1,109,CIUDADES CAPITALES Y EL ALTO,SALAS,,False,11,col_05,8,CAPITALES ORURO 48,False,Oruro,ciudad_oruro,otro,f029,Salas,salas,sala,subtotal,f037,1,False,,2023,False
30,4.1.1,109,CIUDADES CAPITALES Y EL ALTO,Civil,,False,11,col_05,2,CAPITALES ORURO 48,False,Oruro,ciudad_oruro,otro,f030,Sala Civil,sala_civil,sala,detalle,f029,2,True,,2023,False
31,4.1.1,109,CIUDADES CAPITALES Y EL ALTO,Penal,,False,11,col_05,3,CAPITALES ORURO 48,False,Oruro,ciudad_oruro,otro,f031,Sala Penal,sala_penal,sala,detalle,f029,2,True,,2023,False
32,4.1.1,109,CIUDADES CAPITALES Y EL ALTO,Social Administrativa,,False,11,col_05,1,CAPITALES ORURO 48,False,Oruro,ciudad_oruro,otro,f032,Sala Social Administrativa,sala_social_administrativa,sala,detalle,f029,2,True,,2023,False
33,4.1.1,109,CIUDADES CAPITALES Y EL ALTO,"Familia, Niñez y Adolescencia",,False,11,col_05,0,CAPITALES ORURO 48,False,Oruro,ciudad_oruro,otro,f033,"Sala de Familia, Niñez y Adolescencia",sala_familia_ninez_adolescencia,sala,detalle,f029,2,True,,2023,False
34,4.1.1,109,CIUDADES CAPITALES Y EL ALTO,Constitucionales,,False,11,col_05,2,CAPITALES ORURO 48,False,Oruro,ciudad_oruro,otro,f034,Sala Constitucional,sala_constitucional,sala,detalle,f029,2,True,,2023,False
35,4.1.1,109,CIUDADES CAPITALES Y EL ALTO,JUZGADOS DISCIPLINARIOS,,False,11,col_05,2,CAPITALES ORURO 48,False,Oruro,ciudad_oruro,otro,f035,Juzgados Disciplinarios,juzgados_disciplinarios,juzgado,detalle,f037,1,True,,2023,False
36,4.1.1,109,CIUDADES CAPITALES Y EL ALTO,CONCILIADORES,,False,11,col_05,6,CAPITALES ORURO 48,False,Oruro,ciudad_oruro,otro,f036,Conciliadores,conciliadores,conciliador,detalle,f037,1,True,,2023,False
37,4.1.1,109,CIUDADES CAPITALES Y EL ALTO,TOTAL GENERAL,,False,11,col_05,64,CAPITALES ORURO 48,False,Oruro,ciudad_oruro,otro,f037,Total general,total_general,otro,total_general,,0,False,,2023,False
5,4.1.2,110,CHUQUISACA,Zudañez,Zudañez,False,13,col_05,1,TRIBUNALES JUZGADO PÚBLICO MIXTO INSTRUCCIÓ PENAL,False,Juzgado Público Mixto e Instrucción Penal,juzgado_publico_mixto_instruccion_penal,organo_judicial,,,,,,,,,Chuquisaca,2023,False
7,4.1.2,110,CHUQUISACA,Tomina,Padillla,False,13,col_05,1,TRIBUNALES JUZGADO PÚBLICO MIXTO INSTRUCCIÓ PENAL,False,Juzgado Público Mixto e Instrucción Penal,juzgado_publico_mixto_instruccion_penal,organo_judicial,,,,,,,,,Chuquisaca,2023,False
8,4.1.2,110,CHUQUISACA,Tomina,Tomina,False,13,col_05,1,TRIBUNALES JUZGADO PÚBLICO MIXTO INSTRUCCIÓ PENAL,False,Juzgado Público Mixto e Instrucción Penal,juzgado_publico_mixto_instruccion_penal,organo_judicial,,,,,,,,,Chuquisaca,2023,False
9,4.1.2,110,CHUQUISACA,Tomina,Sopachuy,False,13,col_05,1,TRIBUNALES JUZGADO PÚBLICO MIXTO INSTRUCCIÓ PENAL,False,Juzgado Público Mixto e Instrucción Penal,juzgado_publico_mixto_instruccion_penal,organo_judicial,,,,,,,,,Chuquisaca,2023,False
11,4.1.2,110,CHUQUISACA,Hernando Siles Huacareta,,False,13,col_05,1,TRIBUNALES JUZGADO PÚBLICO MIXTO INSTRUCCIÓ PENAL,False,Juzgado Público Mixto e Instrucción Penal,juzgado_publico_mixto_instruccion_penal,organo_judicial,,,,,,,,,Chuquisaca,2023,False
12,4.1.2,110,CHUQUISACA,Yamparaez,Tarabuco,False,13,col_05,1,TRIBUNALES JUZGADO PÚBLICO MIXTO INSTRUCCIÓ PENAL,False,Juzgado Público Mixto e Instrucción Penal,juzgado_publico_mixto_instruccion_penal,organo_judicial,,,,,,,,,Chuquisaca,2023,False
13,4.1.2,110,CHUQUISACA,Nor Cinti,Camargo,False,13,col_05,1,TRIBUNALES JUZGADO PÚBLICO MIXTO INSTRUCCIÓ PENAL,False,Juzgado Público Mixto e Instrucción Penal,juzgado_publico_mixto_instruccion_penal,organo_judicial,,,,,,,,,Chuquisaca,2023,False
14,4.1.2,110,CHUQUISACA,Nor Cinti,San Lucas,False,13,col_05,1,TRIBUNALES JUZGADO PÚBLICO MIXTO INSTRUCCIÓ PENAL,False,Juzgado Público Mixto e Instrucción Penal,juzgado_publico_mixto_instruccion_penal,organo_judicial,,,,,,,,,Chuquisaca,2023,False
15,4.1.2,110,CHUQUISACA,Nor Cinti,Incahuasi,False,13,col_05,1,TRIBUNALES JUZGADO PÚBLICO MIXTO INSTRUCCIÓ PENAL,False,Juzgado Público Mixto e Instrucción Penal,juzgado_publico_mixto_instruccion_penal,organo_judicial,,,,,,,,,Chuquisaca,2023,False
16,4.1.2,110,CHUQUISACA,Belisario Boeto Villa Serrano,,False,13,col_05,1,TRIBUNALES JUZGADO PÚBLICO MIXTO INSTRUCCIÓ PENAL,False,Juzgado Público Mixto e Instrucción Penal,juzgado_publico_mixto_instruccion_penal,organo_judicial,,,,,,,,,Chuquisaca,2023,False
17,4.1.2,110,CHUQUISACA,Sud Cinti,Villa Abecia (Camataqui),False,13,col_05,1,TRIBUNALES JUZGADO PÚBLICO MIXTO INSTRUCCIÓ PENAL,False,Juzgado Público Mixto e Instrucción Penal,juzgado_publico_mixto_instruccion_penal,organo_judicial,,,,,,,,,Chuquisaca,2023,False
18,4.1.2,110,CHUQUISACA,Sud Cinti,Culpina,False,13,col_05,1,TRIBUNALES JUZGADO PÚBLICO MIXTO INSTRUCCIÓ PENAL,False,Juzgado Público Mixto e Instrucción Penal,juzgado_publico_mixto_instruccion_penal,organo_judicial,,,,,,,,,Chuquisaca,2023,False
20,4.1.2,110,CHUQUISACA,Luís Calvo,Macharetí,False,13,col_05,1,TRIBUNALES JUZGADO PÚBLICO MIXTO INSTRUCCIÓ PENAL,False,Juzgado Público Mixto e Instrucción Penal,juzgado_publico_mixto_instruccion_penal,organo_judicial,,,,,,,,,Chuquisaca,2023,False
21,4.1.2,110,CHUQUISACA,TOTALES,,False,13,col_05,13,TRIBUNALES JUZGADO PÚBLICO MIXTO INSTRUCCIÓ PENAL,False,Juzgado Público Mixto e Instrucción Penal,juzgado_publico_mixto_instruccion_penal,organo_judicial,,,,,,,,,Chuquisaca,2023,False
4,4.1.3,111,LA PAZ,Camacho,Puerto Acosta,False,12,col_05,1,TRIBUNALES JUZGADO PÚBLICO PARTIDO INSTRUCCIÓN PENAL,False,"Juzgado Público Mixto, Partido e Instrucción Penal",juzgado_publico_mixto_partido_instruccion_penal,organo_judicial,,,,,,,,,La Paz,2023,False
5,4.1.3,111,LA PAZ,Camacho,Moco Moco,False,12,col_05,1,TRIBUNALES JUZGADO PÚBLICO PARTIDO INSTRUCCIÓN PENAL,False,"Juzgado Público Mixto, Partido e Instrucción Penal",juzgado_publico_mixto_partido_instruccion_penal,organo_judicial,,,,,,,,,La Paz,2023,False
6,4.1.3,111,LA PAZ,Camacho,Puerto Carabuco,False,12,col_05,1,TRIBUNALES JUZGADO PÚBLICO PARTIDO INSTRUCCIÓN PENAL,False,"Juzgado Público Mixto, Partido e Instrucción Penal",juzgado_publico_mixto_partido_instruccion_penal,organo_judicial,,,,,,,,,La Paz,2023,False
7,4.1.3,111,LA PAZ,Muñecas,Chuma,False,12,col_05,1,TRIBUNALES JUZGADO PÚBLICO PARTIDO INSTRUCCIÓN PENAL,False,"Juzgado Público Mixto, Partido e Instrucción Penal",juzgado_publico_mixto_partido_instruccion_penal,organo_judicial,,,,,,,,,La Paz,2023,False
13,4.1.3,111,LA PAZ,Ingavi,San Andres de Machaca,False,12,col_05,1,TRIBUNALES JUZGADO PÚBLICO PARTIDO INSTRUCCIÓN PENAL,False,"Juzgado Público Mixto, Partido e Instrucción Penal",juzgado_publico_mixto_partido_instruccion_penal,organo_judicial,,,,,,,,,La Paz,2023,False
14,4.1.3,111,LA PAZ,Loayza,Luribay,False,12,col_05,1,TRIBUNALES JUZGADO PÚBLICO PARTIDO INSTRUCCIÓN PENAL,False,"Juzgado Público Mixto, Partido e Instrucción Penal",juzgado_publico_mixto_partido_instruccion_penal,organo_judicial,,,,,,,,,La Paz,2023,False
15,4.1.3,111,LA PAZ,Loayza,Sapahaqui,False,12,col_05,1,TRIBUNALES JUZGADO PÚBLICO PARTIDO INSTRUCCIÓN PENAL,False,"Juzgado Público Mixto, Partido e Instrucción Penal",juzgado_publico_mixto_partido_instruccion_penal,organo_judicial,,,,,,,,,La Paz,2023,False
18,4.1.3,111,LA PAZ,Inquisivi,Colquiri,False,12,col_05,1,TRIBUNALES JUZGADO PÚBLICO PARTIDO INSTRUCCIÓN PENAL,False,"Juzgado Público Mixto, Partido e Instrucción Penal",juzgado_publico_mixto_partido_instruccion_penal,organo_judicial,,,,,,,,,La Paz,2023,False
30,4.1.3,111,LA PAZ,TOTALES,,False,12,col_05,8,TRIBUNALES JUZGADO PÚBLICO PARTIDO INSTRUCCIÓN PENAL,False,"Juzgado Público Mixto, Partido e Instrucción Penal",juzgado_publico_mixto_partido_instruccion_penal,organo_judicial,,,,,,,,,La Paz,2023,False
10,4.1.4,112,COCHABAMBA,German Jordán Cliza,,False,19,col_05,1,NÚMERO JUZGADO PÚBLICO CIVIL COMERCIAL,False,Juzgado Público Civil y Comercial,juzgado_publico_civil_comercial,organo_judicial,,,,,,,,,Cochabamba,2023,False
11,4.1.4,112,COCHABAMBA,Quillacollo,Quillacollo,False,19,col_05,6,NÚMERO JUZGADO PÚBLICO CIVIL COMERCIAL,False,Juzgado Público Civil y Comercial,juzgado_publico_civil_comercial,organo_judicial,,,,,,,,,Cochabamba,2023,False
14,4.1.4,112,COCHABAMBA,Quillacollo,Tiquipaya,False,19,col_05,1,NÚMERO JUZGADO PÚBLICO CIVIL COMERCIAL,False,Juzgado Público Civil y Comercial,juzgado_publico_civil_comercial,organo_judicial,,,,,,,,,Cochabamba,2023,False
16,4.1.4,112,COCHABAMBA,Chapare,Sacaba,False,19,col_05,4,NÚMERO JUZGADO PÚBLICO CIVIL COMERCIAL,False,Juzgado Público Civil y Comercial,juzgado_publico_civil_comercial,organo_judicial,,,,,,,,,Cochabamba,2023,False
28,4.1.4,112,COCHABAMBA,TOTALES,,False,19,col_05,12,NÚMERO JUZGADO PÚBLICO CIVIL COMERCIAL,False,Juzgado Público Civil y Comercial,juzgado_publico_civil_comercial,organo_judicial,,,,,,,,,Cochabamba,2023,False
2,4.1.5,113,ORURO,Avaroa,Challapata,False,9,col_05,3,"CONCILIADORES JUZGADOS JUZGADO SENTENCIA, PUBLICO TRABAJO",False,"Juzgado Sentencia, Público y Trabajo",juzgado_sentencia_publico_trabajo,organo_judicial,,,,,,,,,Oruro,2023,False
7,4.1.5,113,ORURO,Pantaleón Dalence,Huanuni,False,9,col_05,3,"CONCILIADORES JUZGADOS JUZGADO SENTENCIA, PUBLICO TRABAJO",False,"Juzgado Sentencia, Público y Trabajo",juzgado_sentencia_publico_trabajo,organo_judicial,,,,,,,,,Oruro,2023,False
13,4.1.5,113,ORURO,TOTALES,,False,9,col_05,6,"CONCILIADORES JUZGADOS JUZGADO SENTENCIA, PUBLICO TRABAJO",False,"Juzgado Sentencia, Público y Trabajo",juzgado_sentencia_publico_trabajo,organo_judicial,,,,,,,,,Oruro,2023,False
1,4.1.6,114,POTOSI,Tomás Frías,Tinguipaya,False,12,col_05,1,TRIBUNALES JUZGADO PÚBLICO MIXTO INSTRUCCIÓN PENAL,False,Juzgado Público Mixto e Instrucción Penal,juzgado_publico_mixto_instruccion_penal,organo_judicial,,,,,,,,,Potosí,2023,False
2,4.1.6,114,POTOSI,Rafael Bustillos,Uncía,False,12,col_05,2,TRIBUNALES JUZGADO PÚBLICO MIXTO INSTRUCCIÓN PENAL,False,Juzgado Público Mixto e Instrucción Penal,juzgado_publico_mixto_instruccion_penal,organo_judicial,,,,,,,,,Potosí,2023,False
4,4.1.6,114,POTOSI,Cornelio Saavedra,Betanzos,False,12,col_05,1,TRIBUNALES JUZGADO PÚBLICO MIXTO INSTRUCCIÓN PENAL,False,Juzgado Público Mixto e Instrucción Penal,juzgado_publico_mixto_instruccion_penal,organo_judicial,,,,,,,,,Potosí,2023,False
5,4.1.6,114,POTOSI,Chayanta,Colquechaca,False,12,col_05,1,TRIBUNALES JUZGADO PÚBLICO MIXTO INSTRUCCIÓN PENAL,False,Juzgado Público Mixto e Instrucción Penal,juzgado_publico_mixto_instruccion_penal,organo_judicial,,,,,,,,,Potosí,2023,False
6,4.1.6,114,POTOSI,Chayanta,Ravelo,False,12,col_05,1,TRIBUNALES JUZGADO PÚBLICO MIXTO INSTRUCCIÓN PENAL,False,Juzgado Público Mixto e Instrucción Penal,juzgado_publico_mixto_instruccion_penal,organo_judicial,,,,,,,,,Potosí,2023,False
7,4.1.6,114,POTOSI,Chayanta,Ocurí,False,12,col_05,1,TRIBUNALES JUZGADO PÚBLICO MIXTO INSTRUCCIÓN PENAL,False,Juzgado Público Mixto e Instrucción Penal,juzgado_publico_mixto_instruccion_penal,organo_judicial,,,,,,,,,Potosí,2023,False
8,4.1.6,114,POTOSI,Chayanta,Pocoata,False,12,col_05,1,TRIBUNALES JUZGADO PÚBLICO MIXTO INSTRUCCIÓN PENAL,False,Juzgado Público Mixto e Instrucción Penal,juzgado_publico_mixto_instruccion_penal,organo_judicial,,,,,,,,,Potosí,2023,False
9,4.1.6,114,POTOSI,Charcas,S.P. De Buena Vista,False,12,col_05,1,TRIBUNALES JUZGADO PÚBLICO MIXTO INSTRUCCIÓN PENAL,False,Juzgado Público Mixto e Instrucción Penal,juzgado_publico_mixto_instruccion_penal,organo_judicial,,,,,,,,,Potosí,2023,False
10,4.1.6,114,POTOSI,Charcas,Toro Toro,False,12,col_05,1,TRIBUNALES JUZGADO PÚBLICO MIXTO INSTRUCCIÓN PENAL,False,Juzgado Público Mixto e Instrucción Penal,juzgado_publico_mixto_instruccion_penal,organo_judicial,,,,,,,,,Potosí,2023,False
11,4.1.6,114,POTOSI,Nor Chichas,Cotagaita,False,12,col_05,1,TRIBUNALES JUZGADO PÚBLICO MIXTO INSTRUCCIÓN PENAL,False,Juzgado Público Mixto e Instrucción Penal,juzgado_publico_mixto_instruccion_penal,organo_judicial,,,,,,,,,Potosí,2023,False
12,4.1.6,114,POTOSI,Nor Chichas,Vitichi,False,12,col_05,1,TRIBUNALES JUZGADO PÚBLICO MIXTO INSTRUCCIÓN PENAL,False,Juzgado Público Mixto e Instrucción Penal,juzgado_publico_mixto_instruccion_penal,organo_judicial,,,,,,,,,Potosí,2023,False
13,4.1.6,114,POTOSI,Alonso de Ibáñez,Sacaca,False,12,col_05,1,TRIBUNALES JUZGADO PÚBLICO MIXTO INSTRUCCIÓN PENAL,False,Juzgado Público Mixto e Instrucción Penal,juzgado_publico_mixto_instruccion_penal,organo_judicial,,,,,,,,,Potosí,2023,False
14,4.1.6,114,POTOSI,Sud Chichas,Tupiza,False,12,col_05,1,TRIBUNALES JUZGADO PÚBLICO MIXTO INSTRUCCIÓN PENAL,False,Juzgado Público Mixto e Instrucción Penal,juzgado_publico_mixto_instruccion_penal,organo_judicial,,,,,,,,,Potosí,2023,False
15,4.1.6,114,POTOSI,Sud Chichas,Atocha,False,12,col_05,1,TRIBUNALES JUZGADO PÚBLICO MIXTO INSTRUCCIÓN PENAL,False,Juzgado Público Mixto e Instrucción Penal,juzgado_publico_mixto_instruccion_penal,organo_judicial,,,,,,,,,Potosí,2023,False
16,4.1.6,114,POTOSI,Nor Lípez,Colcha &quot;K&quot;,False,12,col_05,1,TRIBUNALES JUZGADO PÚBLICO MIXTO INSTRUCCIÓN PENAL,False,Juzgado Público Mixto e Instrucción Penal,juzgado_publico_mixto_instruccion_penal,organo_judicial,,,,,,,,,Potosí,2023,False
18,4.1.6,114,POTOSI,José María Linares,Caiza &quot;D&quot;,False,12,col_05,1,TRIBUNALES JUZGADO PÚBLICO MIXTO INSTRUCCIÓN PENAL,False,Juzgado Público Mixto e Instrucción Penal,juzgado_publico_mixto_instruccion_penal,organo_judicial,,,,,,,,,Potosí,2023,False
20,4.1.6,114,POTOSI,Quijarro,Porco,False,12,col_05,1,TRIBUNALES JUZGADO PÚBLICO MIXTO INSTRUCCIÓN PENAL,False,Juzgado Público Mixto e Instrucción Penal,juzgado_publico_mixto_instruccion_penal,organo_judicial,,,,,,,,,Potosí,2023,False
21,4.1.6,114,POTOSI,Gral. Bernardino BilbaoArampampa,,False,12,col_05,1,TRIBUNALES JUZGADO PÚBLICO MIXTO INSTRUCCIÓN PENAL,False,Juzgado Público Mixto e Instrucción Penal,juzgado_publico_mixto_instruccion_penal,organo_judicial,,,,,,,,,Potosí,2023,False
22,4.1.6,114,POTOSI,Gral. Bernardino BilbaoAcasio,,False,12,col_05,1,TRIBUNALES JUZGADO PÚBLICO MIXTO INSTRUCCIÓN PENAL,False,Juzgado Público Mixto e Instrucción Penal,juzgado_publico_mixto_instruccion_penal,organo_judicial,,,,,,,,,Potosí,2023,False
23,4.1.6,114,POTOSI,Modesto Omiste,Villazón,False,12,col_05,2,TRIBUNALES JUZGADO PÚBLICO MIXTO INSTRUCCIÓN PENAL,False,Juzgado Público Mixto e Instrucción Penal,juzgado_publico_mixto_instruccion_penal,organo_judicial,,,,,,,,,Potosí,2023,False
24,4.1.6,114,POTOSI,TOTALES,,False,12,col_05,22,TRIBUNALES JUZGADO PÚBLICO MIXTO INSTRUCCIÓN PENAL,False,Juzgado Público Mixto e Instrucción Penal,juzgado_publico_mixto_instruccion_penal,organo_judicial,,,,,,,,,Potosí,2023,False
4,4.1.7,115,TARIJA,Gran Chaco,Villamontes,False,16,col_05,2,"JUZGADOS, JUZGADO PÚBLICO MIXTO",False,Juzgado Público Mixto,juzgado_publico_mixto,organo_judicial,,,,,,,,,Tarija,2023,False
9,4.1.7,115,TARIJA,TOTALES,,False,16,col_05,2,"JUZGADOS, JUZGADO PÚBLICO MIXTO",False,Juzgado Público Mixto,juzgado_publico_mixto,organo_judicial,,,,,,,,,Tarija,2023,False
26,4.1.8,116,SANTA CRUZ,German Bush,Puerto Suárez3,False,18,col_05,1,DE JUZGADO PÚBLICO MIXTO Partido Instrucción de,False,Juzgado Público Mixto,juzgado_publico_mixto,organo_judicial,,,,,,,,,Santa Cruz,2023,False
28,4.1.8,116,SANTA CRUZ,TOTALES,,False,18,col_05,1,DE JUZGADO PÚBLICO MIXTO Partido Instrucción de,False,Juzgado Público Mixto,juzgado_publico_mixto,organo_judicial,,,,,,,,,Santa Cruz,2023,False
1,4.1.9,117,BENI,Vaca Diez,Riberalta,False,15,col_05,4,TRIBUNALES JUZGADO PÚBLICO MIXTO,False,Juzgado Público Mixto,juzgado_publico_mixto,organo_judicial,,,,,,,,,Beni,2023,False
2,4.1.9,117,BENI,Vaca Diez,Guayaramerín,False,15,col_05,2,TRIBUNALES JUZGADO PÚBLICO MIXTO,False,Juzgado Público Mixto,juzgado_publico_mixto,organo_judicial,,,,,,,,,Beni,2023,False
10,4.1.9,117,BENI,TOTALES,,False,15,col_05,6,TRIBUNALES JUZGADO PÚBLICO MIXTO,False,Juzgado Público Mixto,juzgado_publico_mixto,organo_judicial,,,,,,,,,Beni,2023,False
1,4.1.10,118,PANDO,Nicolás Suárez,Porvenir (Campo Ana),False,5,col_05,1,TOTALES,True,Total,total,total,,,,,,,,,Pando,2023,False
2,4.1.10,118,PANDO,Manuripi,Puerto Rico (Victoria),False,5,col_05,2,TOTALES,True,Total,total,total,,,,,,,,,Pando,2023,False
3,4.1.10,118,PANDO,Madre de Dios,Sena,False,5,col_05,2,TOTALES,True,Total,total,total,,,,,,,,,Pando,2023,False
4,4.1.10,118,PANDO,Madre de Dios,Gonzalo Moreno,False,5,col_05,1,TOTALES,True,Total,total,total,,,,,,,,,Pando,2023,False
5,4.1.10,118,PANDO,TOTALES,,False,5,col_05,6,TOTALES,True,Total,total,total,,,,,,,,,Pando,2023,False
1,4.1.1,109,CIUDADES CAPITALES Y EL ALTO,JUZGADOS DE INSTRUCCIÓN,,False,11,col_06,8,DEPARTAMENTO POTOSÍ 39,False,Potosí,ciudad_potosi,otro,f001,Juzgados de Instrucción,juzgados_instruccion,juzgado,subtotal,f037,1,False,,2023,False
2,4.1.1,109,CIUDADES CAPITALES Y EL ALTO,Penal,,False,11,col_06,6,DEPARTAMENTO POTOSÍ 39,False,Potosí,ciudad_potosi,otro,f002,Juzgado de Instrucción Penal,juzgado_instruccion_penal,juzgado,detalle,f001,2,True,,2023,False
4,4.1.1,109,CIUDADES CAPITALES Y EL ALTO,Contra la Violencia hacia las mujeres,,False,11,col_06,2,DEPARTAMENTO POTOSÍ 39,False,Potosí,ciudad_potosi,otro,f004,Juzgado de Instrucción Contra la Violencia hacia las Mujeres,juzgado_instruccion_violencia_mujeres,juzgado,detalle,f001,2,True,,2023,False
6,4.1.1,109,CIUDADES CAPITALES Y EL ALTO,JUZGADOS DE PARTIDO Y TRIBUNALES,,False,11,col_06,12,DEPARTAMENTO POTOSÍ 39,False,Potosí,ciudad_potosi,otro,f006,Juzgados de Partido y Tribunales,juzgados_partido_tribunales,otro,subtotal,f037,1,False,,2023,False
9,4.1.1,109,CIUDADES CAPITALES Y EL ALTO,Trabajo y Seguridad Social y Adm. Coactivo Fiscal y Tributario,,False,11,col_06,3,DEPARTAMENTO POTOSÍ 39,False,Potosí,ciudad_potosi,otro,f009,Juzgado de Partido del Trabajo y Seguridad Social y Adm. Coactivo Fiscal y Tributario,juzgado_partido_trabajo_seguridad_social_adm_coactivo_fiscal_tributario,juzgado,detalle,f006,2,True,,2023,False
10,4.1.1,109,CIUDADES CAPITALES Y EL ALTO,Sentencia Penal,,False,11,col_06,4,DEPARTAMENTO POTOSÍ 39,False,Potosí,ciudad_potosi,otro,f010,Juzgado de Sentencia Penal,juzgado_sentencia_penal,juzgado,detalle,f006,2,True,,2023,False
11,4.1.1,109,CIUDADES CAPITALES Y EL ALTO,Sentencia Contra la Violencia hacia las Mujeres,,False,11,col_06,1,DEPARTAMENTO POTOSÍ 39,False,Potosí,ciudad_potosi,otro,f011,Juzgado de Sentencia Contra la Violencia hacia las Mujeres,juzgado_sentencia_violencia_mujeres,juzgado,detalle,f006,2,True,,2023,False
16,4.1.1,109,CIUDADES CAPITALES Y EL ALTO,Tribunal de Sentencia,,False,11,col_06,2,DEPARTAMENTO POTOSÍ 39,False,Potosí,ciudad_potosi,otro,f016,Tribunal de Sentencia,tribunal_sentencia,tribunal,detalle,f006,2,True,,2023,False
19,4.1.1,109,CIUDADES CAPITALES Y EL ALTO,Ejecución Penal,,False,11,col_06,1,DEPARTAMENTO POTOSÍ 39,False,Potosí,ciudad_potosi,otro,f019,Juzgado de Ejecución Penal,juzgado_ejecucion_penal,juzgado,detalle,f006,2,True,,2023,False
20,4.1.1,109,CIUDADES CAPITALES Y EL ALTO,Agroambientales,,False,11,col_06,1,DEPARTAMENTO POTOSÍ 39,False,Potosí,ciudad_potosi,otro,f020,Juzgado Agroambiental,juzgado_agroambiental,juzgado,detalle,f006,2,True,,2023,False
21,4.1.1,109,CIUDADES CAPITALES Y EL ALTO,JUZGADOS PUBLICOS,,False,11,col_06,19,DEPARTAMENTO POTOSÍ 39,False,Potosí,ciudad_potosi,otro,f021,Juzgados Públicos,juzgados_publicos,juzgado,subtotal,f037,1,False,,2023,False
22,4.1.1,109,CIUDADES CAPITALES Y EL ALTO,Civil y Comercial,,False,11,col_06,9,DEPARTAMENTO POTOSÍ 39,False,Potosí,ciudad_potosi,otro,f022,Juzgado Público Civil y Comercial,juzgado_publico_civil_comercial,juzgado,detalle,f021,2,True,,2023,False
23,4.1.1,109,CIUDADES CAPITALES Y EL ALTO,Familia,,False,11,col_06,8,DEPARTAMENTO POTOSÍ 39,False,Potosí,ciudad_potosi,otro,f023,Juzgado Público de Familia,juzgado_publico_familia,juzgado,detalle,f021,2,True,,2023,False
24,4.1.1,109,CIUDADES CAPITALES Y EL ALTO,Niñez y Adolescencia,,False,11,col_06,2,DEPARTAMENTO POTOSÍ 39,False,Potosí,ciudad_potosi,otro,f024,Juzgado Público de la Niñez y Adolescencia,juzgado_publico_ninez_adolescencia,juzgado,detalle,f021,2,True,,2023,False
25,4.1.1,109,CIUDADES CAPITALES Y EL ALTO,JUZGADOS MIXTOS,,False,11,col_06,0,DEPARTAMENTO POTOSÍ 39,False,Potosí,ciudad_potosi,otro,f025,Juzgados Mixtos,juzgados_mixtos,juzgado,subtotal,f037,1,False,,2023,False
29,4.1.1,109,CIUDADES CAPITALES Y EL ALTO,SALAS,,False,11,col_06,8,DEPARTAMENTO POTOSÍ 39,False,Potosí,ciudad_potosi,otro,f029,Salas,salas,sala,subtotal,f037,1,False,,2023,False
30,4.1.1,109,CIUDADES CAPITALES Y EL ALTO,Civil,,False,11,col_06,2,DEPARTAMENTO POTOSÍ 39,False,Potosí,ciudad_potosi,otro,f030,Sala Civil,sala_civil,sala,detalle,f029,2,True,,2023,False
31,4.1.1,109,CIUDADES CAPITALES Y EL ALTO,Penal,,False,11,col_06,2,DEPARTAMENTO POTOSÍ 39,False,Potosí,ciudad_potosi,otro,f031,Sala Penal,sala_penal,sala,detalle,f029,2,True,,2023,False
32,4.1.1,109,CIUDADES CAPITALES Y EL ALTO,Social Administrativa,,False,11,col_06,1,DEPARTAMENTO POTOSÍ 39,False,Potosí,ciudad_potosi,otro,f032,Sala Social Administrativa,sala_social_administrativa,sala,detalle,f029,2,True,,2023,False
33,4.1.1,109,CIUDADES CAPITALES Y EL ALTO,"Familia, Niñez y Adolescencia",,False,11,col_06,1,DEPARTAMENTO POTOSÍ 39,False,Potosí,ciudad_potosi,otro,f033,"Sala de Familia, Niñez y Adolescencia",sala_familia_ninez_adolescencia,sala,detalle,f029,2,True,,2023,False
34,4.1.1,109,CIUDADES CAPITALES Y EL ALTO,Constitucionales,,False,11,col_06,2,DEPARTAMENTO POTOSÍ 39,False,Potosí,ciudad_potosi,otro,f034,Sala Constitucional,sala_constitucional,sala,detalle,f029,2,True,,2023,False
35,4.1.1,109,CIUDADES CAPITALES Y EL ALTO,JUZGADOS DISCIPLINARIOS,,False,11,col_06,2,DEPARTAMENTO POTOSÍ 39,False,Potosí,ciudad_potosi,otro,f035,Juzgados Disciplinarios,juzgados_disciplinarios,juzgado,detalle,f037,1,True,,2023,False
36,4.1.1,109,CIUDADES CAPITALES Y EL ALTO,CONCILIADORES,,False,11,col_06,3,DEPARTAMENTO POTOSÍ 39,False,Potosí,ciudad_potosi,otro,f036,Conciliadores,conciliadores,conciliador,detalle,f037,1,True,,2023,False
37,4.1.1,109,CIUDADES CAPITALES Y EL ALTO,TOTAL GENERAL,,False,11,col_06,52,DEPARTAMENTO POTOSÍ 39,False,Potosí,ciudad_potosi,otro,f037,Total general,total_general,otro,total_general,,0,False,,2023,False
1,4.1.2,110,CHUQUISACA,Oropeza,Yotala,False,13,col_06,1,Y TIPOS JUZGADO PÚBLICO MIXTO PARTIDO INSTRUCCIÓ PENAL,False,"Juzgado Público Mixto, Partido e Instrucción Penal",juzgado_publico_mixto_partido_instruccion_penal,organo_judicial,,,,,,,,,Chuquisaca,2023,False
2,4.1.2,110,CHUQUISACA,Oropeza,Poroma,False,13,col_06,1,Y TIPOS JUZGADO PÚBLICO MIXTO PARTIDO INSTRUCCIÓ PENAL,False,"Juzgado Público Mixto, Partido e Instrucción Penal",juzgado_publico_mixto_partido_instruccion_penal,organo_judicial,,,,,,,,,Chuquisaca,2023,False
3,4.1.2,110,CHUQUISACA,Azurduy,Azurduy,False,13,col_06,1,Y TIPOS JUZGADO PÚBLICO MIXTO PARTIDO INSTRUCCIÓ PENAL,False,"Juzgado Público Mixto, Partido e Instrucción Penal",juzgado_publico_mixto_partido_instruccion_penal,organo_judicial,,,,,,,,,Chuquisaca,2023,False
4,4.1.2,110,CHUQUISACA,Azurduy,Tarvita,False,13,col_06,1,Y TIPOS JUZGADO PÚBLICO MIXTO PARTIDO INSTRUCCIÓ PENAL,False,"Juzgado Público Mixto, Partido e Instrucción Penal",juzgado_publico_mixto_partido_instruccion_penal,organo_judicial,,,,,,,,,Chuquisaca,2023,False
6,4.1.2,110,CHUQUISACA,Zudañez,Redención Pampa,False,13,col_06,1,Y TIPOS JUZGADO PÚBLICO MIXTO PARTIDO INSTRUCCIÓ PENAL,False,"Juzgado Público Mixto, Partido e Instrucción Penal",juzgado_publico_mixto_partido_instruccion_penal,organo_judicial,,,,,,,,,Chuquisaca,2023,False
21,4.1.2,110,CHUQUISACA,TOTALES,,False,13,col_06,5,Y TIPOS JUZGADO PÚBLICO MIXTO PARTIDO INSTRUCCIÓ PENAL,False,"Juzgado Público Mixto, Partido e Instrucción Penal",juzgado_publico_mixto_partido_instruccion_penal,organo_judicial,,,,,,,,,Chuquisaca,2023,False
3,4.1.3,111,LA PAZ,Pacajes,Coro Coro,False,12,col_06,1,CONCILIADORES TIPO DE JUZGADO PÚBLICO MIXTO PARTIDO SENTENCIA PENAL,False,"Juzgado Público Mixto, Partido y de Sentencia Penal",juzgado_publico_mixto_partido_sentencia_penal,organo_judicial,,,,,,,,,La Paz,2023,False
8,4.1.3,111,LA PAZ,Larecaja,Sorata,False,12,col_06,1,CONCILIADORES TIPO DE JUZGADO PÚBLICO MIXTO PARTIDO SENTENCIA PENAL,False,"Juzgado Público Mixto, Partido y de Sentencia Penal",juzgado_publico_mixto_partido_sentencia_penal,organo_judicial,,,,,,,,,La Paz,2023,False
10,4.1.3,111,LA PAZ,Franz Tamayo,Apolo,False,12,col_06,1,CONCILIADORES TIPO DE JUZGADO PÚBLICO MIXTO PARTIDO SENTENCIA PENAL,False,"Juzgado Público Mixto, Partido y de Sentencia Penal",juzgado_publico_mixto_partido_sentencia_penal,organo_judicial,,,,,,,,,La Paz,2023,False
11,4.1.3,111,LA PAZ,Ingavi,Viacha,False,12,col_06,1,CONCILIADORES TIPO DE JUZGADO PÚBLICO MIXTO PARTIDO SENTENCIA PENAL,False,"Juzgado Público Mixto, Partido y de Sentencia Penal",juzgado_publico_mixto_partido_sentencia_penal,organo_judicial,,,,,,,,,La Paz,2023,False
12,4.1.3,111,LA PAZ,Ingavi,Guaqui,False,12,col_06,1,CONCILIADORES TIPO DE JUZGADO PÚBLICO MIXTO PARTIDO SENTENCIA PENAL,False,"Juzgado Público Mixto, Partido y de Sentencia Penal",juzgado_publico_mixto_partido_sentencia_penal,organo_judicial,,,,,,,,,La Paz,2023,False
16,4.1.3,111,LA PAZ,Inquisivi,Inquisivi,False,12,col_06,1,CONCILIADORES TIPO DE JUZGADO PÚBLICO MIXTO PARTIDO SENTENCIA PENAL,False,"Juzgado Público Mixto, Partido y de Sentencia Penal",juzgado_publico_mixto_partido_sentencia_penal,organo_judicial,,,,,,,,,La Paz,2023,False
19,4.1.3,111,LA PAZ,Sud Yungas,Chulumani,False,12,col_06,1,CONCILIADORES TIPO DE JUZGADO PÚBLICO MIXTO PARTIDO SENTENCIA PENAL,False,"Juzgado Público Mixto, Partido y de Sentencia Penal",juzgado_publico_mixto_partido_sentencia_penal,organo_judicial,,,,,,,,,La Paz,2023,False
22,4.1.3,111,LA PAZ,Los Andes,Pucarani,False,12,col_06,1,CONCILIADORES TIPO DE JUZGADO PÚBLICO MIXTO PARTIDO SENTENCIA PENAL,False,"Juzgado Público Mixto, Partido y de Sentencia Penal",juzgado_publico_mixto_partido_sentencia_penal,organo_judicial,,,,,,,,,La Paz,2023,False
24,4.1.3,111,LA PAZ,Aroma,Patacamaya,False,12,col_06,1,CONCILIADORES TIPO DE JUZGADO PÚBLICO MIXTO PARTIDO SENTENCIA PENAL,False,"Juzgado Público Mixto, Partido y de Sentencia Penal",juzgado_publico_mixto_partido_sentencia_penal,organo_judicial,,,,,,,,,La Paz,2023,False
25,4.1.3,111,LA PAZ,Nor Yungas,Coroico,False,12,col_06,1,CONCILIADORES TIPO DE JUZGADO PÚBLICO MIXTO PARTIDO SENTENCIA PENAL,False,"Juzgado Público Mixto, Partido y de Sentencia Penal",juzgado_publico_mixto_partido_sentencia_penal,organo_judicial,,,,,,,,,La Paz,2023,False
29,4.1.3,111,LA PAZ,Caranavi,Caranavi,False,12,col_06,2,CONCILIADORES TIPO DE JUZGADO PÚBLICO MIXTO PARTIDO SENTENCIA PENAL,False,"Juzgado Público Mixto, Partido y de Sentencia Penal",juzgado_publico_mixto_partido_sentencia_penal,organo_judicial,,,,,,,,,La Paz,2023,False
30,4.1.3,111,LA PAZ,TOTALES,,False,12,col_06,12,CONCILIADORES TIPO DE JUZGADO PÚBLICO MIXTO PARTIDO SENTENCIA PENAL,False,"Juzgado Público Mixto, Partido y de Sentencia Penal",juzgado_publico_mixto_partido_sentencia_penal,organo_judicial,,,,,,,,,La Paz,2023,False
14,4.1.4,112,COCHABAMBA,Quillacollo,Tiquipaya,False,19,col_06,1,JUZGADO PÚBLICO MIXTO,False,Juzgado Público Mixto,juzgado_publico_mixto,organo_judicial,,,,,,,,,Cochabamba,2023,False
16,4.1.4,112,COCHABAMBA,Chapare,Sacaba,False,19,col_06,3,JUZGADO PÚBLICO MIXTO,False,Juzgado Público Mixto,juzgado_publico_mixto,organo_judicial,,,,,,,,,Cochabamba,2023,False
17,4.1.4,112,COCHABAMBA,Chapare,Villa Tunari,False,19,col_06,1,JUZGADO PÚBLICO MIXTO,False,Juzgado Público Mixto,juzgado_publico_mixto,organo_judicial,,,,,,,,,Cochabamba,2023,False
28,4.1.4,112,COCHABAMBA,TOTALES,,False,19,col_06,5,JUZGADO PÚBLICO MIXTO,False,Juzgado Público Mixto,juzgado_publico_mixto,organo_judicial,,,,,,,,,Cochabamba,2023,False
2,4.1.5,113,ORURO,Avaroa,Challapata,False,9,col_06,1,PROVINCIAS TRIBUNAL SENTENCIA (Nominal),False,Tribunal de Sentencia (Nominal),tribunal_sentencia_nominal,organo_judicial,,,,,,,,,Oruro,2023,False
7,4.1.5,113,ORURO,Pantaleón Dalence,Huanuni,False,9,col_06,1,PROVINCIAS TRIBUNAL SENTENCIA (Nominal),False,Tribunal de Sentencia (Nominal),tribunal_sentencia_nominal,organo_judicial,,,,,,,,,Oruro,2023,False
13,4.1.5,113,ORURO,TOTALES,,False,9,col_06,2,PROVINCIAS TRIBUNAL SENTENCIA (Nominal),False,Tribunal de Sentencia (Nominal),tribunal_sentencia_nominal,organo_judicial,,,,,,,,,Oruro,2023,False
17,4.1.6,114,POTOSI,José María Linares,Puna,False,12,col_06,1,CONCILIADORES TIPO DE JUZGADO PÚBLICO MIXTO SENTENCIA PENAL,False,Juzgado Público Mixto y de Sentencia Penal,juzgado_publico_mixto_sentencia_penal,organo_judicial,,,,,,,,,Potosí,2023,False
24,4.1.6,114,POTOSI,TOTALES,,False,12,col_06,1,CONCILIADORES TIPO DE JUZGADO PÚBLICO MIXTO SENTENCIA PENAL,False,Juzgado Público Mixto y de Sentencia Penal,juzgado_publico_mixto_sentencia_penal,organo_judicial,,,,,,,,,Potosí,2023,False
1,4.1.7,115,TARIJA,Aniceto Arce,Padcaya,False,16,col_06,1,JUZGADO PÚBLICO MIXTO INSTRUCCI PENAL,False,Juzgado Público Mixto e Instrucción Penal,juzgado_publico_mixto_instruccion_penal,organo_judicial,,,,,,,,,Tarija,2023,False
2,4.1.7,115,TARIJA,Aniceto Arce,Bermejo,False,16,col_06,2,JUZGADO PÚBLICO MIXTO INSTRUCCI PENAL,False,Juzgado Público Mixto e Instrucción Penal,juzgado_publico_mixto_instruccion_penal,organo_judicial,,,,,,,,,Tarija,2023,False
7,4.1.7,115,TARIJA,Méndez,San Lorenzo,False,16,col_06,1,JUZGADO PÚBLICO MIXTO INSTRUCCI PENAL,False,Juzgado Público Mixto e Instrucción Penal,juzgado_publico_mixto_instruccion_penal,organo_judicial,,,,,,,,,Tarija,2023,False
8,4.1.7,115,TARIJA,O&apos; Connor,Entre Ríos,False,16,col_06,1,JUZGADO PÚBLICO MIXTO INSTRUCCI PENAL,False,Juzgado Público Mixto e Instrucción Penal,juzgado_publico_mixto_instruccion_penal,organo_judicial,,,,,,,,,Tarija,2023,False
9,4.1.7,115,TARIJA,TOTALES,,False,16,col_06,5,JUZGADO PÚBLICO MIXTO INSTRUCCI PENAL,False,Juzgado Público Mixto e Instrucción Penal,juzgado_publico_mixto_instruccion_penal,organo_judicial,,,,,,,,,Tarija,2023,False
1,4.1.8,116,SANTA CRUZ,Andrés Ibáñez,Cotoca,False,18,col_06,1,"JUZGADOS, JUZGADO PÚBLICO MIXTO INSTRUCCI PENAL Trabajo de Trabajo",False,Juzgado Público Mixto e Instrucción Penal,juzgado_publico_mixto_instruccion_penal,organo_judicial,,,,,,,,,Santa Cruz,2023,False
2,4.1.8,116,SANTA CRUZ,Andrés Ibáñez,La Guardia,False,18,col_06,3,"JUZGADOS, JUZGADO PÚBLICO MIXTO INSTRUCCI PENAL Trabajo de Trabajo",False,Juzgado Público Mixto e Instrucción Penal,juzgado_publico_mixto_instruccion_penal,organo_judicial,,,,,,,,,Santa Cruz,2023,False
3,4.1.8,116,SANTA CRUZ,Andrés Ibáñez,El Torno,False,18,col_06,1,"JUZGADOS, JUZGADO PÚBLICO MIXTO INSTRUCCI PENAL Trabajo de Trabajo",False,Juzgado Público Mixto e Instrucción Penal,juzgado_publico_mixto_instruccion_penal,organo_judicial,,,,,,,,,Santa Cruz,2023,False
5,4.1.8,116,SANTA CRUZ,Velasco,San Ignacio,False,18,col_06,1,"JUZGADOS, JUZGADO PÚBLICO MIXTO INSTRUCCI PENAL Trabajo de Trabajo",False,Juzgado Público Mixto e Instrucción Penal,juzgado_publico_mixto_instruccion_penal,organo_judicial,,,,,,,,,Santa Cruz,2023,False
6,4.1.8,116,SANTA CRUZ,Ichilo,Buena Vista,False,18,col_06,1,"JUZGADOS, JUZGADO PÚBLICO MIXTO INSTRUCCI PENAL Trabajo de Trabajo",False,Juzgado Público Mixto e Instrucción Penal,juzgado_publico_mixto_instruccion_penal,organo_judicial,,,,,,,,,Santa Cruz,2023,False
8,4.1.8,116,SANTA CRUZ,Chiquitos,San José,False,18,col_06,1,"JUZGADOS, JUZGADO PÚBLICO MIXTO INSTRUCCI PENAL Trabajo de Trabajo",False,Juzgado Público Mixto e Instrucción Penal,juzgado_publico_mixto_instruccion_penal,organo_judicial,,,,,,,,,Santa Cruz,2023,False
9,4.1.8,116,SANTA CRUZ,Chiquitos,Pailón,False,18,col_06,1,"JUZGADOS, JUZGADO PÚBLICO MIXTO INSTRUCCI PENAL Trabajo de Trabajo",False,Juzgado Público Mixto e Instrucción Penal,juzgado_publico_mixto_instruccion_penal,organo_judicial,,,,,,,,,Santa Cruz,2023,False
10,4.1.8,116,SANTA CRUZ,Chiquitos,Roboré,False,18,col_06,1,"JUZGADOS, JUZGADO PÚBLICO MIXTO INSTRUCCI PENAL Trabajo de Trabajo",False,Juzgado Público Mixto e Instrucción Penal,juzgado_publico_mixto_instruccion_penal,organo_judicial,,,,,,,,,Santa Cruz,2023,False
11,4.1.8,116,SANTA CRUZ,Sara,Portachuelo,False,18,col_06,2,"JUZGADOS, JUZGADO PÚBLICO MIXTO INSTRUCCI PENAL Trabajo de Trabajo",False,Juzgado Público Mixto e Instrucción Penal,juzgado_publico_mixto_instruccion_penal,organo_judicial,,,,,,,,,Santa Cruz,2023,False
13,4.1.8,116,SANTA CRUZ,Cordillera,Charagua,False,18,col_06,1,"JUZGADOS, JUZGADO PÚBLICO MIXTO INSTRUCCI PENAL Trabajo de Trabajo",False,Juzgado Público Mixto e Instrucción Penal,juzgado_publico_mixto_instruccion_penal,organo_judicial,,,,,,,,,Santa Cruz,2023,False
14,4.1.8,116,SANTA CRUZ,Cordillera,Cabezas,False,18,col_06,1,"JUZGADOS, JUZGADO PÚBLICO MIXTO INSTRUCCI PENAL Trabajo de Trabajo",False,Juzgado Público Mixto e Instrucción Penal,juzgado_publico_mixto_instruccion_penal,organo_judicial,,,,,,,,,Santa Cruz,2023,False
16,4.1.8,116,SANTA CRUZ,Vallegrande,Vallegrande,False,18,col_06,1,"JUZGADOS, JUZGADO PÚBLICO MIXTO INSTRUCCI PENAL Trabajo de Trabajo",False,Juzgado Público Mixto e Instrucción Penal,juzgado_publico_mixto_instruccion_penal,organo_judicial,,,,,,,,,Santa Cruz,2023,False
17,4.1.8,116,SANTA CRUZ,Florida,Samaipata,False,18,col_06,1,"JUZGADOS, JUZGADO PÚBLICO MIXTO INSTRUCCI PENAL Trabajo de Trabajo",False,Juzgado Público Mixto e Instrucción Penal,juzgado_publico_mixto_instruccion_penal,organo_judicial,,,,,,,,,Santa Cruz,2023,False
19,4.1.8,116,SANTA CRUZ,Obispo Santiesteban,Mineros,False,18,col_06,1,"JUZGADOS, JUZGADO PÚBLICO MIXTO INSTRUCCI PENAL Trabajo de Trabajo",False,Juzgado Público Mixto e Instrucción Penal,juzgado_publico_mixto_instruccion_penal,organo_judicial,,,,,,,,,Santa Cruz,2023,False
20,4.1.8,116,SANTA CRUZ,Ñuflo de Chávez,Concepción,False,18,col_06,1,"JUZGADOS, JUZGADO PÚBLICO MIXTO INSTRUCCI PENAL Trabajo de Trabajo",False,Juzgado Público Mixto e Instrucción Penal,juzgado_publico_mixto_instruccion_penal,organo_judicial,,,,,,,,,Santa Cruz,2023,False
21,4.1.8,116,SANTA CRUZ,Ñuflo de Chávez,San Julián,False,18,col_06,1,"JUZGADOS, JUZGADO PÚBLICO MIXTO INSTRUCCI PENAL Trabajo de Trabajo",False,Juzgado Público Mixto e Instrucción Penal,juzgado_publico_mixto_instruccion_penal,organo_judicial,,,,,,,,,Santa Cruz,2023,False
22,4.1.8,116,SANTA CRUZ,Ñuflo de Chávez,Cuatro Cañadas,False,18,col_06,1,"JUZGADOS, JUZGADO PÚBLICO MIXTO INSTRUCCI PENAL Trabajo de Trabajo",False,Juzgado Público Mixto e Instrucción Penal,juzgado_publico_mixto_instruccion_penal,organo_judicial,,,,,,,,,Santa Cruz,2023,False
24,4.1.8,116,SANTA CRUZ,Manuel María Caballero,Comarapa,False,18,col_06,1,"JUZGADOS, JUZGADO PÚBLICO MIXTO INSTRUCCI PENAL Trabajo de Trabajo",False,Juzgado Público Mixto e Instrucción Penal,juzgado_publico_mixto_instruccion_penal,organo_judicial,,,,,,,,,Santa Cruz,2023,False
25,4.1.8,116,SANTA CRUZ,Manuel María Caballero,Saipina,False,18,col_06,1,"JUZGADOS, JUZGADO PÚBLICO MIXTO INSTRUCCI PENAL Trabajo de Trabajo",False,Juzgado Público Mixto e Instrucción Penal,juzgado_publico_mixto_instruccion_penal,organo_judicial,,,,,,,,,Santa Cruz,2023,False
27,4.1.8,116,SANTA CRUZ,Guarayos,Guarayos,False,18,col_06,1,"JUZGADOS, JUZGADO PÚBLICO MIXTO INSTRUCCI PENAL Trabajo de Trabajo",False,Juzgado Público Mixto e Instrucción Penal,juzgado_publico_mixto_instruccion_penal,organo_judicial,,,,,,,,,Santa Cruz,2023,False
28,4.1.8,116,SANTA CRUZ,TOTALES,,False,18,col_06,23,"JUZGADOS, JUZGADO PÚBLICO MIXTO INSTRUCCI PENAL Trabajo de Trabajo",False,Juzgado Público Mixto e Instrucción Penal,juzgado_publico_mixto_instruccion_penal,organo_judicial,,,,,,,,,Santa Cruz,2023,False
4,4.1.9,117,BENI,Gral. José Ballivián,San Borja,False,15,col_06,1,JUZGADO PÚBLICO MIXTO INSTRUCCI PENAL,False,Juzgado Público Mixto e Instrucción Penal,juzgado_publico_mixto_instruccion_penal,organo_judicial,,,,,,,,,Beni,2023,False
6,4.1.9,117,BENI,Yacuma,Santa Ana,False,15,col_06,1,JUZGADO PÚBLICO MIXTO INSTRUCCI PENAL,False,Juzgado Público Mixto e Instrucción Penal,juzgado_publico_mixto_instruccion_penal,organo_judicial,,,,,,,,,Beni,2023,False
10,4.1.9,117,BENI,TOTALES,,False,15,col_06,2,JUZGADO PÚBLICO MIXTO INSTRUCCI PENAL,False,Juzgado Público Mixto e Instrucción Penal,juzgado_publico_mixto_instruccion_penal,organo_judicial,,,,,,,,,Beni,2023,False
1,4.1.1,109,CIUDADES CAPITALES Y EL ALTO,JUZGADOS DE INSTRUCCIÓN,,False,11,col_07,7,Y EL TARIJA 42,False,Tarija,ciudad_tarija,otro,f001,Juzgados de Instrucción,juzgados_instruccion,juzgado,subtotal,f037,1,False,,2023,False
2,4.1.1,109,CIUDADES CAPITALES Y EL ALTO,Penal,,False,11,col_07,4,Y EL TARIJA 42,False,Tarija,ciudad_tarija,otro,f002,Juzgado de Instrucción Penal,juzgado_instruccion_penal,juzgado,detalle,f001,2,True,,2023,False
3,4.1.1,109,CIUDADES CAPITALES Y EL ALTO,Anticorrupción y Contra la Violencia hacia las mujeres,,False,11,col_07,3,Y EL TARIJA 42,False,Tarija,ciudad_tarija,otro,f003,Juzgado de Instrucción Anticorrupción y Contra la Violencia hacia las Mujeres,juzgado_instruccion_anticorrupcion_violencia_mujeres,juzgado,detalle,f001,2,True,,2023,False
6,4.1.1,109,CIUDADES CAPITALES Y EL ALTO,JUZGADOS DE PARTIDO Y TRIBUNALES,,False,11,col_07,15,Y EL TARIJA 42,False,Tarija,ciudad_tarija,otro,f006,Juzgados de Partido y Tribunales,juzgados_partido_tribunales,otro,subtotal,f037,1,False,,2023,False
9,4.1.1,109,CIUDADES CAPITALES Y EL ALTO,Trabajo y Seguridad Social y Adm. Coactivo Fiscal y Tributario,,False,11,col_07,3,Y EL TARIJA 42,False,Tarija,ciudad_tarija,otro,f009,Juzgado de Partido del Trabajo y Seguridad Social y Adm. Coactivo Fiscal y Tributario,juzgado_partido_trabajo_seguridad_social_adm_coactivo_fiscal_tributario,juzgado,detalle,f006,2,True,,2023,False
10,4.1.1,109,CIUDADES CAPITALES Y EL ALTO,Sentencia Penal,,False,11,col_07,6,Y EL TARIJA 42,False,Tarija,ciudad_tarija,otro,f010,Juzgado de Sentencia Penal,juzgado_sentencia_penal,juzgado,detalle,f006,2,True,,2023,False
12,4.1.1,109,CIUDADES CAPITALES Y EL ALTO,Sentencia Anticorrupcion y Contra la Violencia hacia las mujeres,,False,11,col_07,3,Y EL TARIJA 42,False,Tarija,ciudad_tarija,otro,f012,Juzgado de Sentencia Anticorrupción y Contra la Violencia hacia las Mujeres,juzgado_sentencia_anticorrupcion_violencia_mujeres,juzgado,detalle,f006,2,True,,2023,False
16,4.1.1,109,CIUDADES CAPITALES Y EL ALTO,Tribunal de Sentencia,,False,11,col_07,1,Y EL TARIJA 42,False,Tarija,ciudad_tarija,otro,f016,Tribunal de Sentencia,tribunal_sentencia,tribunal,detalle,f006,2,True,,2023,False
19,4.1.1,109,CIUDADES CAPITALES Y EL ALTO,Ejecución Penal,,False,11,col_07,1,Y EL TARIJA 42,False,Tarija,ciudad_tarija,otro,f019,Juzgado de Ejecución Penal,juzgado_ejecucion_penal,juzgado,detalle,f006,2,True,,2023,False
20,4.1.1,109,CIUDADES CAPITALES Y EL ALTO,Agroambientales,,False,11,col_07,1,Y EL TARIJA 42,False,Tarija,ciudad_tarija,otro,f020,Juzgado Agroambiental,juzgado_agroambiental,juzgado,detalle,f006,2,True,,2023,False
21,4.1.1,109,CIUDADES CAPITALES Y EL ALTO,JUZGADOS PUBLICOS,,False,11,col_07,20,Y EL TARIJA 42,False,Tarija,ciudad_tarija,otro,f021,Juzgados Públicos,juzgados_publicos,juzgado,subtotal,f037,1,False,,2023,False
22,4.1.1,109,CIUDADES CAPITALES Y EL ALTO,Civil y Comercial,,False,11,col_07,11,Y EL TARIJA 42,False,Tarija,ciudad_tarija,otro,f022,Juzgado Público Civil y Comercial,juzgado_publico_civil_comercial,juzgado,detalle,f021,2,True,,2023,False
23,4.1.1,109,CIUDADES CAPITALES Y EL ALTO,Familia,,False,11,col_07,6,Y EL TARIJA 42,False,Tarija,ciudad_tarija,otro,f023,Juzgado Público de Familia,juzgado_publico_familia,juzgado,detalle,f021,2,True,,2023,False
24,4.1.1,109,CIUDADES CAPITALES Y EL ALTO,Niñez y Adolescencia,,False,11,col_07,3,Y EL TARIJA 42,False,Tarija,ciudad_tarija,otro,f024,Juzgado Público de la Niñez y Adolescencia,juzgado_publico_ninez_adolescencia,juzgado,detalle,f021,2,True,,2023,False
25,4.1.1,109,CIUDADES CAPITALES Y EL ALTO,JUZGADOS MIXTOS,,False,11,col_07,0,Y EL TARIJA 42,False,Tarija,ciudad_tarija,otro,f025,Juzgados Mixtos,juzgados_mixtos,juzgado,subtotal,f037,1,False,,2023,False
29,4.1.1,109,CIUDADES CAPITALES Y EL ALTO,SALAS,,False,11,col_07,7,Y EL TARIJA 42,False,Tarija,ciudad_tarija,otro,f029,Salas,salas,sala,subtotal,f037,1,False,,2023,False
30,4.1.1,109,CIUDADES CAPITALES Y EL ALTO,Civil,,False,11,col_07,1,Y EL TARIJA 42,False,Tarija,ciudad_tarija,otro,f030,Sala Civil,sala_civil,sala,detalle,f029,2,True,,2023,False
31,4.1.1,109,CIUDADES CAPITALES Y EL ALTO,Penal,,False,11,col_07,2,Y EL TARIJA 42,False,Tarija,ciudad_tarija,otro,f031,Sala Penal,sala_penal,sala,detalle,f029,2,True,,2023,False
32,4.1.1,109,CIUDADES CAPITALES Y EL ALTO,Social Administrativa,,False,11,col_07,2,Y EL TARIJA 42,False,Tarija,ciudad_tarija,otro,f032,Sala Social Administrativa,sala_social_administrativa,sala,detalle,f029,2,True,,2023,False
34,4.1.1,109,CIUDADES CAPITALES Y EL ALTO,Constitucionales,,False,11,col_07,2,Y EL TARIJA 42,False,Tarija,ciudad_tarija,otro,f034,Sala Constitucional,sala_constitucional,sala,detalle,f029,2,True,,2023,False
35,4.1.1,109,CIUDADES CAPITALES Y EL ALTO,JUZGADOS DISCIPLINARIOS,,False,11,col_07,2,Y EL TARIJA 42,False,Tarija,ciudad_tarija,otro,f035,Juzgados Disciplinarios,juzgados_disciplinarios,juzgado,detalle,f037,1,True,,2023,False
36,4.1.1,109,CIUDADES CAPITALES Y EL ALTO,CONCILIADORES,,False,11,col_07,4,Y EL TARIJA 42,False,Tarija,ciudad_tarija,otro,f036,Conciliadores,conciliadores,conciliador,detalle,f037,1,True,,2023,False
37,4.1.1,109,CIUDADES CAPITALES Y EL ALTO,TOTAL GENERAL,,False,11,col_07,55,Y EL TARIJA 42,False,Tarija,ciudad_tarija,otro,f037,Total general,total_general,otro,total_general,,0,False,,2023,False
12,4.1.2,110,CHUQUISACA,Yamparaez,Tarabuco,False,13,col_07,1,CONCILIADORES JUZGADOS JUZGADO PÚBLICO MIXTO PARTIDO DE SENTENCIA PENAL,False,"Juzgado Público Mixto, Partido y de Sentencia Penal",juzgado_publico_mixto_partido_sentencia_penal,organo_judicial,,,,,,,,,Chuquisaca,2023,False
14,4.1.2,110,CHUQUISACA,Nor Cinti,San Lucas,False,13,col_07,1,CONCILIADORES JUZGADOS JUZGADO PÚBLICO MIXTO PARTIDO DE SENTENCIA PENAL,False,"Juzgado Público Mixto, Partido y de Sentencia Penal",juzgado_publico_mixto_partido_sentencia_penal,organo_judicial,,,,,,,,,Chuquisaca,2023,False
15,4.1.2,110,CHUQUISACA,Nor Cinti,Incahuasi,False,13,col_07,1,CONCILIADORES JUZGADOS JUZGADO PÚBLICO MIXTO PARTIDO DE SENTENCIA PENAL,False,"Juzgado Público Mixto, Partido y de Sentencia Penal",juzgado_publico_mixto_partido_sentencia_penal,organo_judicial,,,,,,,,,Chuquisaca,2023,False
19,4.1.2,110,CHUQUISACA,Luís Calvo,Muyupampa (Villa Vaca,False,13,col_07,1,CONCILIADORES JUZGADOS JUZGADO PÚBLICO MIXTO PARTIDO DE SENTENCIA PENAL,False,"Juzgado Público Mixto, Partido y de Sentencia Penal",juzgado_publico_mixto_partido_sentencia_penal,organo_judicial,,,,,,,,,Chuquisaca,2023,False
21,4.1.2,110,CHUQUISACA,TOTALES,,False,13,col_07,4,CONCILIADORES JUZGADOS JUZGADO PÚBLICO MIXTO PARTIDO DE SENTENCIA PENAL,False,"Juzgado Público Mixto, Partido y de Sentencia Penal",juzgado_publico_mixto_partido_sentencia_penal,organo_judicial,,,,,,,,,Chuquisaca,2023,False
28,4.1.3,111,LA PAZ,Manco Kapac,Copacabana,False,12,col_07,3,"JUZGADO JUZGADO SENTENCIA, PUBLICO, TRABAJO TÉCNICO",False,"Juzgado Sentencia, Público, Trabajo y Juez Técnico",juzgado_sentencia_publico_trabajo_juez_tecnico,organo_judicial,,,,,,,,,La Paz,2023,False
30,4.1.3,111,LA PAZ,TOTALES,,False,12,col_07,3,"JUZGADO JUZGADO SENTENCIA, PUBLICO, TRABAJO TÉCNICO",False,"Juzgado Sentencia, Público, Trabajo y Juez Técnico",juzgado_sentencia_publico_trabajo_juez_tecnico,organo_judicial,,,,,,,,,La Paz,2023,False
1,4.1.4,112,COCHABAMBA,Campero,Aiquile,False,19,col_07,1,"JUZGADOS, JUZGADO PÚBLICO MIXTO INSTRUCCIÓ PENAL",False,Juzgado Público Mixto e Instrucción Penal,juzgado_publico_mixto_instruccion_penal,organo_judicial,,,,,,,,,Cochabamba,2023,False
4,4.1.4,112,COCHABAMBA,Esteban Arce,Tarata,False,19,col_07,1,"JUZGADOS, JUZGADO PÚBLICO MIXTO INSTRUCCIÓ PENAL",False,Juzgado Público Mixto e Instrucción Penal,juzgado_publico_mixto_instruccion_penal,organo_judicial,,,,,,,,,Cochabamba,2023,False
6,4.1.4,112,COCHABAMBA,Arani,Arani,False,19,col_07,1,"JUZGADOS, JUZGADO PÚBLICO MIXTO INSTRUCCIÓ PENAL",False,Juzgado Público Mixto e Instrucción Penal,juzgado_publico_mixto_instruccion_penal,organo_judicial,,,,,,,,,Cochabamba,2023,False
8,4.1.4,112,COCHABAMBA,Capinota,Capinota,False,19,col_07,1,"JUZGADOS, JUZGADO PÚBLICO MIXTO INSTRUCCIÓ PENAL",False,Juzgado Público Mixto e Instrucción Penal,juzgado_publico_mixto_instruccion_penal,organo_judicial,,,,,,,,,Cochabamba,2023,False
10,4.1.4,112,COCHABAMBA,German Jordán Cliza,,False,19,col_07,1,"JUZGADOS, JUZGADO PÚBLICO MIXTO INSTRUCCIÓ PENAL",False,Juzgado Público Mixto e Instrucción Penal,juzgado_publico_mixto_instruccion_penal,organo_judicial,,,,,,,,,Cochabamba,2023,False
12,4.1.4,112,COCHABAMBA,Quillacollo,Sipe Sipe,False,19,col_07,1,"JUZGADOS, JUZGADO PÚBLICO MIXTO INSTRUCCIÓ PENAL",False,Juzgado Público Mixto e Instrucción Penal,juzgado_publico_mixto_instruccion_penal,organo_judicial,,,,,,,,,Cochabamba,2023,False
13,4.1.4,112,COCHABAMBA,Quillacollo,Colcapirhua,False,19,col_07,2,"JUZGADOS, JUZGADO PÚBLICO MIXTO INSTRUCCIÓ PENAL",False,Juzgado Público Mixto e Instrucción Penal,juzgado_publico_mixto_instruccion_penal,organo_judicial,,,,,,,,,Cochabamba,2023,False
15,4.1.4,112,COCHABAMBA,Quillacollo,Vinto,False,19,col_07,1,"JUZGADOS, JUZGADO PÚBLICO MIXTO INSTRUCCIÓ PENAL",False,Juzgado Público Mixto e Instrucción Penal,juzgado_publico_mixto_instruccion_penal,organo_judicial,,,,,,,,,Cochabamba,2023,False
18,4.1.4,112,COCHABAMBA,Chapare,Colomi,False,19,col_07,1,"JUZGADOS, JUZGADO PÚBLICO MIXTO INSTRUCCIÓ PENAL",False,Juzgado Público Mixto e Instrucción Penal,juzgado_publico_mixto_instruccion_penal,organo_judicial,,,,,,,,,Cochabamba,2023,False
20,4.1.4,112,COCHABAMBA,Carrasco,Totora,False,19,col_07,1,"JUZGADOS, JUZGADO PÚBLICO MIXTO INSTRUCCIÓ PENAL",False,Juzgado Público Mixto e Instrucción Penal,juzgado_publico_mixto_instruccion_penal,organo_judicial,,,,,,,,,Cochabamba,2023,False
21,4.1.4,112,COCHABAMBA,Carrasco,Chimore,False,19,col_07,1,"JUZGADOS, JUZGADO PÚBLICO MIXTO INSTRUCCIÓ PENAL",False,Juzgado Público Mixto e Instrucción Penal,juzgado_publico_mixto_instruccion_penal,organo_judicial,,,,,,,,,Cochabamba,2023,False
22,4.1.4,112,COCHABAMBA,Carrasco,Ivirgarzama,False,19,col_07,1,"JUZGADOS, JUZGADO PÚBLICO MIXTO INSTRUCCIÓ PENAL",False,Juzgado Público Mixto e Instrucción Penal,juzgado_publico_mixto_instruccion_penal,organo_judicial,,,,,,,,,Cochabamba,2023,False
23,4.1.4,112,COCHABAMBA,Carrasco,Entre Rios,False,19,col_07,1,"JUZGADOS, JUZGADO PÚBLICO MIXTO INSTRUCCIÓ PENAL",False,Juzgado Público Mixto e Instrucción Penal,juzgado_publico_mixto_instruccion_penal,organo_judicial,,,,,,,,,Cochabamba,2023,False
24,4.1.4,112,COCHABAMBA,Mizque,Mizque,False,19,col_07,1,"JUZGADOS, JUZGADO PÚBLICO MIXTO INSTRUCCIÓ PENAL",False,Juzgado Público Mixto e Instrucción Penal,juzgado_publico_mixto_instruccion_penal,organo_judicial,,,,,,,,,Cochabamba,2023,False
25,4.1.4,112,COCHABAMBA,Punata,Punata,False,19,col_07,1,"JUZGADOS, JUZGADO PÚBLICO MIXTO INSTRUCCIÓ PENAL",False,Juzgado Público Mixto e Instrucción Penal,juzgado_publico_mixto_instruccion_penal,organo_judicial,,,,,,,,,Cochabamba,2023,False
26,4.1.4,112,COCHABAMBA,Tiraque,Tiraque,False,19,col_07,1,"JUZGADOS, JUZGADO PÚBLICO MIXTO INSTRUCCIÓ PENAL",False,Juzgado Público Mixto e Instrucción Penal,juzgado_publico_mixto_instruccion_penal,organo_judicial,,,,,,,,,Cochabamba,2023,False
27,4.1.4,112,COCHABAMBA,Tiraque,Shinahota,False,19,col_07,1,"JUZGADOS, JUZGADO PÚBLICO MIXTO INSTRUCCIÓ PENAL",False,Juzgado Público Mixto e Instrucción Penal,juzgado_publico_mixto_instruccion_penal,organo_judicial,,,,,,,,,Cochabamba,2023,False
28,4.1.4,112,COCHABAMBA,TOTALES,,False,19,col_07,18,"JUZGADOS, JUZGADO PÚBLICO MIXTO INSTRUCCIÓ PENAL",False,Juzgado Público Mixto e Instrucción Penal,juzgado_publico_mixto_instruccion_penal,organo_judicial,,,,,,,,,Cochabamba,2023,False
1,4.1.5,113,ORURO,Cercado,Caracollo,False,9,col_07,1,CONCILIADOR,False,Conciliador,conciliador,conciliador,,,,,,,,,Oruro,2023,False
2,4.1.5,113,ORURO,Avaroa,Challapata,False,9,col_07,1,CONCILIADOR,False,Conciliador,conciliador,conciliador,,,,,,,,,Oruro,2023,False
5,4.1.5,113,ORURO,Litoral,Huachacalla,False,9,col_07,1,CONCILIADOR,False,Conciliador,conciliador,conciliador,,,,,,,,,Oruro,2023,False
7,4.1.5,113,ORURO,Pantaleón Dalence,Huanuni,False,9,col_07,1,CONCILIADOR,False,Conciliador,conciliador,conciliador,,,,,,,,,Oruro,2023,False
13,4.1.5,113,ORURO,TOTALES,,False,9,col_07,4,CONCILIADOR,False,Conciliador,conciliador,conciliador,,,,,,,,,Oruro,2023,False
4,4.1.6,114,POTOSI,Cornelio Saavedra,Betanzos,False,12,col_07,1,JUZGADO JUZGADO PÚBLICO MIXTO PARTIDO SENTENCIA PENAL,False,"Juzgado Público Mixto, Partido y de Sentencia Penal",juzgado_publico_mixto_partido_sentencia_penal,organo_judicial,,,,,,,,,Potosí,2023,False
5,4.1.6,114,POTOSI,Chayanta,Colquechaca,False,12,col_07,1,JUZGADO JUZGADO PÚBLICO MIXTO PARTIDO SENTENCIA PENAL,False,"Juzgado Público Mixto, Partido y de Sentencia Penal",juzgado_publico_mixto_partido_sentencia_penal,organo_judicial,,,,,,,,,Potosí,2023,False
9,4.1.6,114,POTOSI,Charcas,S.P. De Buena Vista,False,12,col_07,1,JUZGADO JUZGADO PÚBLICO MIXTO PARTIDO SENTENCIA PENAL,False,"Juzgado Público Mixto, Partido y de Sentencia Penal",juzgado_publico_mixto_partido_sentencia_penal,organo_judicial,,,,,,,,,Potosí,2023,False
11,4.1.6,114,POTOSI,Nor Chichas,Cotagaita,False,12,col_07,1,JUZGADO JUZGADO PÚBLICO MIXTO PARTIDO SENTENCIA PENAL,False,"Juzgado Público Mixto, Partido y de Sentencia Penal",juzgado_publico_mixto_partido_sentencia_penal,organo_judicial,,,,,,,,,Potosí,2023,False
15,4.1.6,114,POTOSI,Sud Chichas,Atocha,False,12,col_07,1,JUZGADO JUZGADO PÚBLICO MIXTO PARTIDO SENTENCIA PENAL,False,"Juzgado Público Mixto, Partido y de Sentencia Penal",juzgado_publico_mixto_partido_sentencia_penal,organo_judicial,,,,,,,,,Potosí,2023,False
24,4.1.6,114,POTOSI,TOTALES,,False,12,col_07,5,JUZGADO JUZGADO PÚBLICO MIXTO PARTIDO SENTENCIA PENAL,False,"Juzgado Público Mixto, Partido y de Sentencia Penal",juzgado_publico_mixto_partido_sentencia_penal,organo_judicial,,,,,,,,,Potosí,2023,False
5,4.1.7,115,TARIJA,Gran Chaco,Carapari,False,16,col_07,1,TRIBUNALES JUZGADO PÚBLICO MIXTO PARTIDO INSTRUCCI PENAL,False,"Juzgado Público Mixto, Partido e Instrucción Penal",juzgado_publico_mixto_partido_instruccion_penal,organo_judicial,,,,,,,,,Tarija,2023,False
6,4.1.7,115,TARIJA,Avilés,(Uriondo),False,16,col_07,1,TRIBUNALES JUZGADO PÚBLICO MIXTO PARTIDO INSTRUCCI PENAL,False,"Juzgado Público Mixto, Partido e Instrucción Penal",juzgado_publico_mixto_partido_instruccion_penal,organo_judicial,,,,,,,,,Tarija,2023,False
9,4.1.7,115,TARIJA,TOTALES,,False,16,col_07,2,TRIBUNALES JUZGADO PÚBLICO MIXTO PARTIDO INSTRUCCI PENAL,False,"Juzgado Público Mixto, Partido e Instrucción Penal",juzgado_publico_mixto_partido_instruccion_penal,organo_judicial,,,,,,,,,Tarija,2023,False
1,4.1.8,116,SANTA CRUZ,Andrés Ibáñez,Cotoca,False,18,col_07,1,JUZGADO PÚBLICO MIXTO DE SENTENCIA PENAL y SS,False,Juzgado Público Mixto y de Sentencia Penal,juzgado_publico_mixto_sentencia_penal,organo_judicial,,,,,,,,,Santa Cruz,2023,False
4,4.1.8,116,SANTA CRUZ,Warnes,Warnes,False,18,col_07,1,JUZGADO PÚBLICO MIXTO DE SENTENCIA PENAL y SS,False,Juzgado Público Mixto y de Sentencia Penal,juzgado_publico_mixto_sentencia_penal,organo_judicial,,,,,,,,,Santa Cruz,2023,False
7,4.1.8,116,SANTA CRUZ,Ichilo,Yapacani1,False,18,col_07,1,JUZGADO PÚBLICO MIXTO DE SENTENCIA PENAL y SS,False,Juzgado Público Mixto y de Sentencia Penal,juzgado_publico_mixto_sentencia_penal,organo_judicial,,,,,,,,,Santa Cruz,2023,False
15,4.1.8,116,SANTA CRUZ,Cordillera,Camiri2,False,18,col_07,1,JUZGADO PÚBLICO MIXTO DE SENTENCIA PENAL y SS,False,Juzgado Público Mixto y de Sentencia Penal,juzgado_publico_mixto_sentencia_penal,organo_judicial,,,,,,,,,Santa Cruz,2023,False
18,4.1.8,116,SANTA CRUZ,Obispo Santiesteban,Montero,False,18,col_07,1,JUZGADO PÚBLICO MIXTO DE SENTENCIA PENAL y SS,False,Juzgado Público Mixto y de Sentencia Penal,juzgado_publico_mixto_sentencia_penal,organo_judicial,,,,,,,,,Santa Cruz,2023,False
24,4.1.8,116,SANTA CRUZ,Manuel María Caballero,Comarapa,False,18,col_07,1,JUZGADO PÚBLICO MIXTO DE SENTENCIA PENAL y SS,False,Juzgado Público Mixto y de Sentencia Penal,juzgado_publico_mixto_sentencia_penal,organo_judicial,,,,,,,,,Santa Cruz,2023,False
28,4.1.8,116,SANTA CRUZ,TOTALES,,False,18,col_07,6,JUZGADO PÚBLICO MIXTO DE SENTENCIA PENAL y SS,False,Juzgado Público Mixto y de Sentencia Penal,juzgado_publico_mixto_sentencia_penal,organo_judicial,,,,,,,,,Santa Cruz,2023,False
3,4.1.9,117,BENI,Gral. José Ballivián,Reyes,False,15,col_07,1,TIPO JUZGADO PÚBLICO MIXTO PARTIDO INSTRUCCI PENAL,False,"Juzgado Público Mixto, Partido e Instrucción Penal",juzgado_publico_mixto_partido_instruccion_penal,organo_judicial,,,,,,,,,Beni,2023,False
5,4.1.9,117,BENI,Gral. José Ballivián,Rurrenabaque,False,15,col_07,1,TIPO JUZGADO PÚBLICO MIXTO PARTIDO INSTRUCCI PENAL,False,"Juzgado Público Mixto, Partido e Instrucción Penal",juzgado_publico_mixto_partido_instruccion_penal,organo_judicial,,,,,,,,,Beni,2023,False
7,4.1.9,117,BENI,Moxos,San Ignacio,False,15,col_07,1,TIPO JUZGADO PÚBLICO MIXTO PARTIDO INSTRUCCI PENAL,False,"Juzgado Público Mixto, Partido e Instrucción Penal",juzgado_publico_mixto_partido_instruccion_penal,organo_judicial,,,,,,,,,Beni,2023,False
8,4.1.9,117,BENI,Mamoré,San Joaquín,False,15,col_07,1,TIPO JUZGADO PÚBLICO MIXTO PARTIDO INSTRUCCI PENAL,False,"Juzgado Público Mixto, Partido e Instrucción Penal",juzgado_publico_mixto_partido_instruccion_penal,organo_judicial,,,,,,,,,Beni,2023,False
9,4.1.9,117,BENI,Iténez,Magdalena,False,15,col_07,1,TIPO JUZGADO PÚBLICO MIXTO PARTIDO INSTRUCCI PENAL,False,"Juzgado Público Mixto, Partido e Instrucción Penal",juzgado_publico_mixto_partido_instruccion_penal,organo_judicial,,,,,,,,,Beni,2023,False
10,4.1.9,117,BENI,TOTALES,,False,15,col_07,5,TIPO JUZGADO PÚBLICO MIXTO PARTIDO INSTRUCCI PENAL,False,"Juzgado Público Mixto, Partido e Instrucción Penal",juzgado_publico_mixto_partido_instruccion_penal,organo_judicial,,,,,,,,,Beni,2023,False
1,4.1.1,109,CIUDADES CAPITALES Y EL ALTO,JUZGADOS DE INSTRUCCIÓN,,False,11,col_08,25,DE LA SANTA CRUZ 133,False,Santa Cruz,ciudad_santa_cruz,otro,f001,Juzgados de Instrucción,juzgados_instruccion,juzgado,subtotal,f037,1,False,,2023,False
2,4.1.1,109,CIUDADES CAPITALES Y EL ALTO,Penal,,False,11,col_08,16,DE LA SANTA CRUZ 133,False,Santa Cruz,ciudad_santa_cruz,otro,f002,Juzgado de Instrucción Penal,juzgado_instruccion_penal,juzgado,detalle,f001,2,True,,2023,False
4,4.1.1,109,CIUDADES CAPITALES Y EL ALTO,Contra la Violencia hacia las mujeres,,False,11,col_08,6,DE LA SANTA CRUZ 133,False,Santa Cruz,ciudad_santa_cruz,otro,f004,Juzgado de Instrucción Contra la Violencia hacia las Mujeres,juzgado_instruccion_violencia_mujeres,juzgado,detalle,f001,2,True,,2023,False
5,4.1.1,109,CIUDADES CAPITALES Y EL ALTO,Anticorrupción,,False,11,col_08,3,DE LA SANTA CRUZ 133,False,Santa Cruz,ciudad_santa_cruz,otro,f005,Juzgado de Instrucción Anticorrupción,juzgado_instruccion_anticorrupcion,juzgado,detalle,f001,2,True,,2023,False
6,4.1.1,109,CIUDADES CAPITALES Y EL ALTO,JUZGADOS DE PARTIDO Y TRIBUNALES,,False,11,col_08,51,DE LA SANTA CRUZ 133,False,Santa Cruz,ciudad_santa_cruz,otro,f006,Juzgados de Partido y Tribunales,juzgados_partido_tribunales,otro,subtotal,f037,1,False,,2023,False
7,4.1.1,109,CIUDADES CAPITALES Y EL ALTO,Trabajo y Seguridad Social,,False,11,col_08,13,DE LA SANTA CRUZ 133,False,Santa Cruz,ciudad_santa_cruz,otro,f007,Juzgado de Partido del Trabajo y Seguridad Social,juzgado_partido_trabajo_seguridad_social,juzgado,detalle,f006,2,True,,2023,False
8,4.1.1,109,CIUDADES CAPITALES Y EL ALTO,Adm. Coactivo Fiscal Tributario,,False,11,col_08,3,DE LA SANTA CRUZ 133,False,Santa Cruz,ciudad_santa_cruz,otro,f008,Juzgado de Partido Adm. Coactivo Fiscal Tributario,juzgado_partido_adm_coactivo_fiscal_tributario,juzgado,detalle,f006,2,True,,2023,False
10,4.1.1,109,CIUDADES CAPITALES Y EL ALTO,Sentencia Penal,,False,11,col_08,20,DE LA SANTA CRUZ 133,False,Santa Cruz,ciudad_santa_cruz,otro,f010,Juzgado de Sentencia Penal,juzgado_sentencia_penal,juzgado,detalle,f006,2,True,,2023,False
12,4.1.1,109,CIUDADES CAPITALES Y EL ALTO,Sentencia Anticorrupcion y Contra la Violencia hacia las mujeres,,False,11,col_08,2,DE LA SANTA CRUZ 133,False,Santa Cruz,ciudad_santa_cruz,otro,f012,Juzgado de Sentencia Anticorrupción y Contra la Violencia hacia las Mujeres,juzgado_sentencia_anticorrupcion_violencia_mujeres,juzgado,detalle,f006,2,True,,2023,False
14,4.1.1,109,CIUDADES CAPITALES Y EL ALTO,Sentencia Penal y Perdida de Dominio,,False,11,col_08,1,DE LA SANTA CRUZ 133,False,Santa Cruz,ciudad_santa_cruz,otro,f014,Juzgado de Sentencia Penal y Pérdida de Dominio,juzgado_sentencia_penal_perdida_dominio,juzgado,detalle,f006,2,True,,2023,False
16,4.1.1,109,CIUDADES CAPITALES Y EL ALTO,Tribunal de Sentencia,,False,11,col_08,7,DE LA SANTA CRUZ 133,False,Santa Cruz,ciudad_santa_cruz,otro,f016,Tribunal de Sentencia,tribunal_sentencia,tribunal,detalle,f006,2,True,,2023,False
19,4.1.1,109,CIUDADES CAPITALES Y EL ALTO,Ejecución Penal,,False,11,col_08,4,DE LA SANTA CRUZ 133,False,Santa Cruz,ciudad_santa_cruz,otro,f019,Juzgado de Ejecución Penal,juzgado_ejecucion_penal,juzgado,detalle,f006,2,True,,2023,False
20,4.1.1,109,CIUDADES CAPITALES Y EL ALTO,Agroambientales,,False,11,col_08,1,DE LA SANTA CRUZ 133,False,Santa Cruz,ciudad_santa_cruz,otro,f020,Juzgado Agroambiental,juzgado_agroambiental,juzgado,detalle,f006,2,True,,2023,False
21,4.1.1,109,CIUDADES CAPITALES Y EL ALTO,JUZGADOS PUBLICOS,,False,11,col_08,53,DE LA SANTA CRUZ 133,False,Santa Cruz,ciudad_santa_cruz,otro,f021,Juzgados Públicos,juzgados_publicos,juzgado,subtotal,f037,1,False,,2023,False
22,4.1.1,109,CIUDADES CAPITALES Y EL ALTO,Civil y Comercial,,False,11,col_08,30,DE LA SANTA CRUZ 133,False,Santa Cruz,ciudad_santa_cruz,otro,f022,Juzgado Público Civil y Comercial,juzgado_publico_civil_comercial,juzgado,detalle,f021,2,True,,2023,False
23,4.1.1,109,CIUDADES CAPITALES Y EL ALTO,Familia,,False,11,col_08,19,DE LA SANTA CRUZ 133,False,Santa Cruz,ciudad_santa_cruz,otro,f023,Juzgado Público de Familia,juzgado_publico_familia,juzgado,detalle,f021,2,True,,2023,False
24,4.1.1,109,CIUDADES CAPITALES Y EL ALTO,Niñez y Adolescencia,,False,11,col_08,4,DE LA SANTA CRUZ 133,False,Santa Cruz,ciudad_santa_cruz,otro,f024,Juzgado Público de la Niñez y Adolescencia,juzgado_publico_ninez_adolescencia,juzgado,detalle,f021,2,True,,2023,False
25,4.1.1,109,CIUDADES CAPITALES Y EL ALTO,JUZGADOS MIXTOS,,False,11,col_08,4,DE LA SANTA CRUZ 133,False,Santa Cruz,ciudad_santa_cruz,otro,f025,Juzgados Mixtos,juzgados_mixtos,juzgado,subtotal,f037,1,False,,2023,False
27,4.1.1,109,CIUDADES CAPITALES Y EL ALTO,"Público Civil y Comercial, de Familia e Instrucción Penal (EPI SUR Y SUD ESTE, Plan 3000)",,False,11,col_08,4,DE LA SANTA CRUZ 133,False,Santa Cruz,ciudad_santa_cruz,otro,f027,"Juzgado Mixto Público Civil y Comercial, de Familia e Instrucción Penal (EPI Sur y Sud Este, Plan 3000)",juzgado_mixto_publico_civil_comercial_familia_instruccion_penal_epi_sur_sud_este_plan_3000,juzgado,detalle,f025,2,True,,2023,False
29,4.1.1,109,CIUDADES CAPITALES Y EL ALTO,SALAS,,False,11,col_08,14,DE LA SANTA CRUZ 133,False,Santa Cruz,ciudad_santa_cruz,otro,f029,Salas,salas,sala,subtotal,f037,1,False,,2023,False
30,4.1.1,109,CIUDADES CAPITALES Y EL ALTO,Civil,,False,11,col_08,5,DE LA SANTA CRUZ 133,False,Santa Cruz,ciudad_santa_cruz,otro,f030,Sala Civil,sala_civil,sala,detalle,f029,2,True,,2023,False
31,4.1.1,109,CIUDADES CAPITALES Y EL ALTO,Penal,,False,11,col_08,3,DE LA SANTA CRUZ 133,False,Santa Cruz,ciudad_santa_cruz,otro,f031,Sala Penal,sala_penal,sala,detalle,f029,2,True,,2023,False
32,4.1.1,109,CIUDADES CAPITALES Y EL ALTO,Social Administrativa,,False,11,col_08,2,DE LA SANTA CRUZ 133,False,Santa Cruz,ciudad_santa_cruz,otro,f032,Sala Social Administrativa,sala_social_administrativa,sala,detalle,f029,2,True,,2023,False
34,4.1.1,109,CIUDADES CAPITALES Y EL ALTO,Constitucionales,,False,11,col_08,4,DE LA SANTA CRUZ 133,False,Santa Cruz,ciudad_santa_cruz,otro,f034,Sala Constitucional,sala_constitucional,sala,detalle,f029,2,True,,2023,False
35,4.1.1,109,CIUDADES CAPITALES Y EL ALTO,JUZGADOS DISCIPLINARIOS,,False,11,col_08,3,DE LA SANTA CRUZ 133,False,Santa Cruz,ciudad_santa_cruz,otro,f035,Juzgados Disciplinarios,juzgados_disciplinarios,juzgado,detalle,f037,1,True,,2023,False
36,4.1.1,109,CIUDADES CAPITALES Y EL ALTO,CONCILIADORES,,False,11,col_08,26,DE LA SANTA CRUZ 133,False,Santa Cruz,ciudad_santa_cruz,otro,f036,Conciliadores,conciliadores,conciliador,detalle,f037,1,True,,2023,False
37,4.1.1,109,CIUDADES CAPITALES Y EL ALTO,TOTAL GENERAL,,False,11,col_08,176,DE LA SANTA CRUZ 133,False,Santa Cruz,ciudad_santa_cruz,otro,f037,Total general,total_general,otro,total_general,,0,False,,2023,False
7,4.1.2,110,CHUQUISACA,Tomina,Padillla,False,13,col_08,3,"JUZGADO SENTENCIA, PUBLICO TRABAJO",False,"Juzgado Sentencia, Público y Trabajo",juzgado_sentencia_publico_trabajo,organo_judicial,,,,,,,,,Chuquisaca,2023,False
10,4.1.2,110,CHUQUISACA,Hernando Siles Monteagudo,,False,13,col_08,3,"JUZGADO SENTENCIA, PUBLICO TRABAJO",False,"Juzgado Sentencia, Público y Trabajo",juzgado_sentencia_publico_trabajo,organo_judicial,,,,,,,,,Chuquisaca,2023,False
13,4.1.2,110,CHUQUISACA,Nor Cinti,Camargo,False,13,col_08,3,"JUZGADO SENTENCIA, PUBLICO TRABAJO",False,"Juzgado Sentencia, Público y Trabajo",juzgado_sentencia_publico_trabajo,organo_judicial,,,,,,,,,Chuquisaca,2023,False
21,4.1.2,110,CHUQUISACA,TOTALES,,False,13,col_08,9,"JUZGADO SENTENCIA, PUBLICO TRABAJO",False,"Juzgado Sentencia, Público y Trabajo",juzgado_sentencia_publico_trabajo,organo_judicial,,,,,,,,,Chuquisaca,2023,False
28,4.1.3,111,LA PAZ,Manco Kapac,Copacabana,False,12,col_08,1,PROVINCIAS TRIBUNAL DE SENTENCIA,False,Tribunal de Sentencia,tribunal_sentencia,organo_judicial,,,,,,,,,La Paz,2023,False
29,4.1.3,111,LA PAZ,Caranavi,Caranavi,False,12,col_08,1,PROVINCIAS TRIBUNAL DE SENTENCIA,False,Tribunal de Sentencia,tribunal_sentencia,organo_judicial,,,,,,,,,La Paz,2023,False
30,4.1.3,111,LA PAZ,TOTALES,,False,12,col_08,2,PROVINCIAS TRIBUNAL DE SENTENCIA,False,Tribunal de Sentencia,tribunal_sentencia,organo_judicial,,,,,,,,,La Paz,2023,False
4,4.1.4,112,COCHABAMBA,Esteban Arce,Tarata,False,19,col_08,1,TRIBUNALES JUZGADO PÚBLICO MIXTO DE SENTENCIA PENAL,False,Juzgado Público Mixto y de Sentencia Penal,juzgado_publico_mixto_sentencia_penal,organo_judicial,,,,,,,,,Cochabamba,2023,False
10,4.1.4,112,COCHABAMBA,German Jordán Cliza,,False,19,col_08,1,TRIBUNALES JUZGADO PÚBLICO MIXTO DE SENTENCIA PENAL,False,Juzgado Público Mixto y de Sentencia Penal,juzgado_publico_mixto_sentencia_penal,organo_judicial,,,,,,,,,Cochabamba,2023,False
12,4.1.4,112,COCHABAMBA,Quillacollo,Sipe Sipe,False,19,col_08,1,TRIBUNALES JUZGADO PÚBLICO MIXTO DE SENTENCIA PENAL,False,Juzgado Público Mixto y de Sentencia Penal,juzgado_publico_mixto_sentencia_penal,organo_judicial,,,,,,,,,Cochabamba,2023,False
15,4.1.4,112,COCHABAMBA,Quillacollo,Vinto,False,19,col_08,2,TRIBUNALES JUZGADO PÚBLICO MIXTO DE SENTENCIA PENAL,False,Juzgado Público Mixto y de Sentencia Penal,juzgado_publico_mixto_sentencia_penal,organo_judicial,,,,,,,,,Cochabamba,2023,False
17,4.1.4,112,COCHABAMBA,Chapare,Villa Tunari,False,19,col_08,1,TRIBUNALES JUZGADO PÚBLICO MIXTO DE SENTENCIA PENAL,False,Juzgado Público Mixto y de Sentencia Penal,juzgado_publico_mixto_sentencia_penal,organo_judicial,,,,,,,,,Cochabamba,2023,False
20,4.1.4,112,COCHABAMBA,Carrasco,Totora,False,19,col_08,1,TRIBUNALES JUZGADO PÚBLICO MIXTO DE SENTENCIA PENAL,False,Juzgado Público Mixto y de Sentencia Penal,juzgado_publico_mixto_sentencia_penal,organo_judicial,,,,,,,,,Cochabamba,2023,False
22,4.1.4,112,COCHABAMBA,Carrasco,Ivirgarzama,False,19,col_08,1,TRIBUNALES JUZGADO PÚBLICO MIXTO DE SENTENCIA PENAL,False,Juzgado Público Mixto y de Sentencia Penal,juzgado_publico_mixto_sentencia_penal,organo_judicial,,,,,,,,,Cochabamba,2023,False
23,4.1.4,112,COCHABAMBA,Carrasco,Entre Rios,False,19,col_08,1,TRIBUNALES JUZGADO PÚBLICO MIXTO DE SENTENCIA PENAL,False,Juzgado Público Mixto y de Sentencia Penal,juzgado_publico_mixto_sentencia_penal,organo_judicial,,,,,,,,,Cochabamba,2023,False
26,4.1.4,112,COCHABAMBA,Tiraque,Tiraque,False,19,col_08,1,TRIBUNALES JUZGADO PÚBLICO MIXTO DE SENTENCIA PENAL,False,Juzgado Público Mixto y de Sentencia Penal,juzgado_publico_mixto_sentencia_penal,organo_judicial,,,,,,,,,Cochabamba,2023,False
28,4.1.4,112,COCHABAMBA,TOTALES,,False,19,col_08,10,TRIBUNALES JUZGADO PÚBLICO MIXTO DE SENTENCIA PENAL,False,Juzgado Público Mixto y de Sentencia Penal,juzgado_publico_mixto_sentencia_penal,organo_judicial,,,,,,,,,Cochabamba,2023,False
2,4.1.5,113,ORURO,Avaroa,Challapata,False,9,col_08,1,JUZGADO AGROAMBIEN TAL,False,Juzgado Agroambiental,juzgado_agroambiental,organo_judicial,,,,,,,,,Oruro,2023,False
3,4.1.5,113,ORURO,Carangas,Corque,False,9,col_08,1,JUZGADO AGROAMBIEN TAL,False,Juzgado Agroambiental,juzgado_agroambiental,organo_judicial,,,,,,,,,Oruro,2023,False
4,4.1.5,113,ORURO,Sajama,Curahuara de Carangas,False,9,col_08,1,JUZGADO AGROAMBIEN TAL,False,Juzgado Agroambiental,juzgado_agroambiental,organo_judicial,,,,,,,,,Oruro,2023,False
5,4.1.5,113,ORURO,Litoral,Huachacalla,False,9,col_08,1,JUZGADO AGROAMBIEN TAL,False,Juzgado Agroambiental,juzgado_agroambiental,organo_judicial,,,,,,,,,Oruro,2023,False
13,4.1.5,113,ORURO,TOTALES,,False,9,col_08,4,JUZGADO AGROAMBIEN TAL,False,Juzgado Agroambiental,juzgado_agroambiental,organo_judicial,,,,,,,,,Oruro,2023,False
2,4.1.6,114,POTOSI,Rafael Bustillos,Uncía,False,12,col_08,3,"PROVINCIAS JUZGADO SENTENCIA, PUBLICO, TRABAJO TÉCNICO",False,"Juzgado Sentencia, Público, Trabajo y Juez Técnico",juzgado_sentencia_publico_trabajo_juez_tecnico,organo_judicial,,,,,,,,,Potosí,2023,False
3,4.1.6,114,POTOSI,Rafael Bustillos,Llallagua,False,12,col_08,3,"PROVINCIAS JUZGADO SENTENCIA, PUBLICO, TRABAJO TÉCNICO",False,"Juzgado Sentencia, Público, Trabajo y Juez Técnico",juzgado_sentencia_publico_trabajo_juez_tecnico,organo_judicial,,,,,,,,,Potosí,2023,False
14,4.1.6,114,POTOSI,Sud Chichas,Tupiza,False,12,col_08,3,"PROVINCIAS JUZGADO SENTENCIA, PUBLICO, TRABAJO TÉCNICO",False,"Juzgado Sentencia, Público, Trabajo y Juez Técnico",juzgado_sentencia_publico_trabajo_juez_tecnico,organo_judicial,,,,,,,,,Potosí,2023,False
19,4.1.6,114,POTOSI,Quijarro,Uyuni,False,12,col_08,3,"PROVINCIAS JUZGADO SENTENCIA, PUBLICO, TRABAJO TÉCNICO",False,"Juzgado Sentencia, Público, Trabajo y Juez Técnico",juzgado_sentencia_publico_trabajo_juez_tecnico,organo_judicial,,,,,,,,,Potosí,2023,False
23,4.1.6,114,POTOSI,Modesto Omiste,Villazón,False,12,col_08,3,"PROVINCIAS JUZGADO SENTENCIA, PUBLICO, TRABAJO TÉCNICO",False,"Juzgado Sentencia, Público, Trabajo y Juez Técnico",juzgado_sentencia_publico_trabajo_juez_tecnico,organo_judicial,,,,,,,,,Potosí,2023,False
24,4.1.6,114,POTOSI,TOTALES,,False,12,col_08,15,"PROVINCIAS JUZGADO SENTENCIA, PUBLICO, TRABAJO TÉCNICO",False,"Juzgado Sentencia, Público, Trabajo y Juez Técnico",juzgado_sentencia_publico_trabajo_juez_tecnico,organo_judicial,,,,,,,,,Potosí,2023,False
2,4.1.7,115,TARIJA,Aniceto Arce,Bermejo,False,16,col_08,1,CONCILIADORES DE JUZGADO PÚBLICO MIXTO PARTIDO DE SENTENCIA PENAL,False,"Juzgado Público Mixto, Partido y de Sentencia Penal",juzgado_publico_mixto_partido_sentencia_penal,organo_judicial,,,,,,,,,Tarija,2023,False
3,4.1.7,115,TARIJA,Gran Chaco,Yacuiba,False,16,col_08,3,CONCILIADORES DE JUZGADO PÚBLICO MIXTO PARTIDO DE SENTENCIA PENAL,False,"Juzgado Público Mixto, Partido y de Sentencia Penal",juzgado_publico_mixto_partido_sentencia_penal,organo_judicial,,,,,,,,,Tarija,2023,False
4,4.1.7,115,TARIJA,Gran Chaco,Villamontes,False,16,col_08,1,CONCILIADORES DE JUZGADO PÚBLICO MIXTO PARTIDO DE SENTENCIA PENAL,False,"Juzgado Público Mixto, Partido y de Sentencia Penal",juzgado_publico_mixto_partido_sentencia_penal,organo_judicial,,,,,,,,,Tarija,2023,False
9,4.1.7,115,TARIJA,TOTALES,,False,16,col_08,5,CONCILIADORES DE JUZGADO PÚBLICO MIXTO PARTIDO DE SENTENCIA PENAL,False,"Juzgado Público Mixto, Partido y de Sentencia Penal",juzgado_publico_mixto_partido_sentencia_penal,organo_judicial,,,,,,,,,Tarija,2023,False
12,4.1.8,116,SANTA CRUZ,Cordillera,Lagunillas,False,18,col_08,1,TRIBUNALES JUZGADO PÚBLICO MIXTO PARTIDO INSTRUCCI PENAL,False,"Juzgado Público Mixto, Partido e Instrucción Penal",juzgado_publico_mixto_partido_instruccion_penal,organo_judicial,,,,,,,,,Santa Cruz,2023,False
23,4.1.8,116,SANTA CRUZ,Ángel Sandoval,San Matías,False,18,col_08,1,TRIBUNALES JUZGADO PÚBLICO MIXTO PARTIDO INSTRUCCI PENAL,False,"Juzgado Público Mixto, Partido e Instrucción Penal",juzgado_publico_mixto_partido_instruccion_penal,organo_judicial,,,,,,,,,Santa Cruz,2023,False
28,4.1.8,116,SANTA CRUZ,TOTALES,,False,18,col_08,2,TRIBUNALES JUZGADO PÚBLICO MIXTO PARTIDO INSTRUCCI PENAL,False,"Juzgado Público Mixto, Partido e Instrucción Penal",juzgado_publico_mixto_partido_instruccion_penal,organo_judicial,,,,,,,,,Santa Cruz,2023,False
1,4.1.9,117,BENI,Vaca Diez,Riberalta,False,15,col_08,1,CONCILIADORES JUZGADO JUZGADO PÚBLICO MIXTO PARTIDO DE SENTENCIA PENAL,False,"Juzgado Público Mixto, Partido y de Sentencia Penal",juzgado_publico_mixto_partido_sentencia_penal,organo_judicial,,,,,,,,,Beni,2023,False
2,4.1.9,117,BENI,Vaca Diez,Guayaramerín,False,15,col_08,1,CONCILIADORES JUZGADO JUZGADO PÚBLICO MIXTO PARTIDO DE SENTENCIA PENAL,False,"Juzgado Público Mixto, Partido y de Sentencia Penal",juzgado_publico_mixto_partido_sentencia_penal,organo_judicial,,,,,,,,,Beni,2023,False
10,4.1.9,117,BENI,TOTALES,,False,15,col_08,2,CONCILIADORES JUZGADO JUZGADO PÚBLICO MIXTO PARTIDO DE SENTENCIA PENAL,False,"Juzgado Público Mixto, Partido y de Sentencia Penal",juzgado_publico_mixto_partido_sentencia_penal,organo_judicial,,,,,,,,,Beni,2023,False
1,4.1.1,109,CIUDADES CAPITALES Y EL ALTO,JUZGADOS DE INSTRUCCIÓN,,False,11,col_09,7,TRINIDAD 31,False,Trinidad,ciudad_trinidad,otro,f001,Juzgados de Instrucción,juzgados_instruccion,juzgado,subtotal,f037,1,False,,2023,False
2,4.1.1,109,CIUDADES CAPITALES Y EL ALTO,Penal,,False,11,col_09,4,TRINIDAD 31,False,Trinidad,ciudad_trinidad,otro,f002,Juzgado de Instrucción Penal,juzgado_instruccion_penal,juzgado,detalle,f001,2,True,,2023,False
3,4.1.1,109,CIUDADES CAPITALES Y EL ALTO,Anticorrupción y Contra la Violencia hacia las mujeres,,False,11,col_09,3,TRINIDAD 31,False,Trinidad,ciudad_trinidad,otro,f003,Juzgado de Instrucción Anticorrupción y Contra la Violencia hacia las Mujeres,juzgado_instruccion_anticorrupcion_violencia_mujeres,juzgado,detalle,f001,2,True,,2023,False
6,4.1.1,109,CIUDADES CAPITALES Y EL ALTO,JUZGADOS DE PARTIDO Y TRIBUNALES,,False,11,col_09,12,TRINIDAD 31,False,Trinidad,ciudad_trinidad,otro,f006,Juzgados de Partido y Tribunales,juzgados_partido_tribunales,otro,subtotal,f037,1,False,,2023,False
7,4.1.1,109,CIUDADES CAPITALES Y EL ALTO,Trabajo y Seguridad Social,,False,11,col_09,2,TRINIDAD 31,False,Trinidad,ciudad_trinidad,otro,f007,Juzgado de Partido del Trabajo y Seguridad Social,juzgado_partido_trabajo_seguridad_social,juzgado,detalle,f006,2,True,,2023,False
8,4.1.1,109,CIUDADES CAPITALES Y EL ALTO,Adm. Coactivo Fiscal Tributario,,False,11,col_09,1,TRINIDAD 31,False,Trinidad,ciudad_trinidad,otro,f008,Juzgado de Partido Adm. Coactivo Fiscal Tributario,juzgado_partido_adm_coactivo_fiscal_tributario,juzgado,detalle,f006,2,True,,2023,False
10,4.1.1,109,CIUDADES CAPITALES Y EL ALTO,Sentencia Penal,,False,11,col_09,4,TRINIDAD 31,False,Trinidad,ciudad_trinidad,otro,f010,Juzgado de Sentencia Penal,juzgado_sentencia_penal,juzgado,detalle,f006,2,True,,2023,False
11,4.1.1,109,CIUDADES CAPITALES Y EL ALTO,Sentencia Contra la Violencia hacia las Mujeres,,False,11,col_09,2,TRINIDAD 31,False,Trinidad,ciudad_trinidad,otro,f011,Juzgado de Sentencia Contra la Violencia hacia las Mujeres,juzgado_sentencia_violencia_mujeres,juzgado,detalle,f006,2,True,,2023,False
16,4.1.1,109,CIUDADES CAPITALES Y EL ALTO,Tribunal de Sentencia,,False,11,col_09,1,TRINIDAD 31,False,Trinidad,ciudad_trinidad,otro,f016,Tribunal de Sentencia,tribunal_sentencia,tribunal,detalle,f006,2,True,,2023,False
19,4.1.1,109,CIUDADES CAPITALES Y EL ALTO,Ejecución Penal,,False,11,col_09,1,TRINIDAD 31,False,Trinidad,ciudad_trinidad,otro,f019,Juzgado de Ejecución Penal,juzgado_ejecucion_penal,juzgado,detalle,f006,2,True,,2023,False
20,4.1.1,109,CIUDADES CAPITALES Y EL ALTO,Agroambientales,,False,11,col_09,1,TRINIDAD 31,False,Trinidad,ciudad_trinidad,otro,f020,Juzgado Agroambiental,juzgado_agroambiental,juzgado,detalle,f006,2,True,,2023,False
21,4.1.1,109,CIUDADES CAPITALES Y EL ALTO,JUZGADOS PUBLICOS,,False,11,col_09,12,TRINIDAD 31,False,Trinidad,ciudad_trinidad,otro,f021,Juzgados Públicos,juzgados_publicos,juzgado,subtotal,f037,1,False,,2023,False
22,4.1.1,109,CIUDADES CAPITALES Y EL ALTO,Civil y Comercial,,False,11,col_09,6,TRINIDAD 31,False,Trinidad,ciudad_trinidad,otro,f022,Juzgado Público Civil y Comercial,juzgado_publico_civil_comercial,juzgado,detalle,f021,2,True,,2023,False
23,4.1.1,109,CIUDADES CAPITALES Y EL ALTO,Familia,,False,11,col_09,4,TRINIDAD 31,False,Trinidad,ciudad_trinidad,otro,f023,Juzgado Público de Familia,juzgado_publico_familia,juzgado,detalle,f021,2,True,,2023,False
24,4.1.1,109,CIUDADES CAPITALES Y EL ALTO,Niñez y Adolescencia,,False,11,col_09,2,TRINIDAD 31,False,Trinidad,ciudad_trinidad,otro,f024,Juzgado Público de la Niñez y Adolescencia,juzgado_publico_ninez_adolescencia,juzgado,detalle,f021,2,True,,2023,False
25,4.1.1,109,CIUDADES CAPITALES Y EL ALTO,JUZGADOS MIXTOS,,False,11,col_09,0,TRINIDAD 31,False,Trinidad,ciudad_trinidad,otro,f025,Juzgados Mixtos,juzgados_mixtos,juzgado,subtotal,f037,1,False,,2023,False
29,4.1.1,109,CIUDADES CAPITALES Y EL ALTO,SALAS,,False,11,col_09,5,TRINIDAD 31,False,Trinidad,ciudad_trinidad,otro,f029,Salas,salas,sala,subtotal,f037,1,False,,2023,False
30,4.1.1,109,CIUDADES CAPITALES Y EL ALTO,Civil,,False,11,col_09,1,TRINIDAD 31,False,Trinidad,ciudad_trinidad,otro,f030,Sala Civil,sala_civil,sala,detalle,f029,2,True,,2023,False
31,4.1.1,109,CIUDADES CAPITALES Y EL ALTO,Penal,,False,11,col_09,1,TRINIDAD 31,False,Trinidad,ciudad_trinidad,otro,f031,Sala Penal,sala_penal,sala,detalle,f029,2,True,,2023,False
32,4.1.1,109,CIUDADES CAPITALES Y EL ALTO,Social Administrativa,,False,11,col_09,1,TRINIDAD 31,False,Trinidad,ciudad_trinidad,otro,f032,Sala Social Administrativa,sala_social_administrativa,sala,detalle,f029,2,True,,2023,False
34,4.1.1,109,CIUDADES CAPITALES Y EL ALTO,Constitucionales,,False,11,col_09,2,TRINIDAD 31,False,Trinidad,ciudad_trinidad,otro,f034,Sala Constitucional,sala_constitucional,sala,detalle,f029,2,True,,2023,False
35,4.1.1,109,CIUDADES CAPITALES Y EL ALTO,JUZGADOS DISCIPLINARIOS,,False,11,col_09,2,TRINIDAD 31,False,Trinidad,ciudad_trinidad,otro,f035,Juzgados Disciplinarios,juzgados_disciplinarios,juzgado,detalle,f037,1,True,,2023,False
36,4.1.1,109,CIUDADES CAPITALES Y EL ALTO,CONCILIADORES,,False,11,col_09,2,TRINIDAD 31,False,Trinidad,ciudad_trinidad,otro,f036,Conciliadores,conciliadores,conciliador,detalle,f037,1,True,,2023,False
37,4.1.1,109,CIUDADES CAPITALES Y EL ALTO,TOTAL GENERAL,,False,11,col_09,40,TRINIDAD 31,False,Trinidad,ciudad_trinidad,otro,f037,Total general,total_general,otro,total_general,,0,False,,2023,False
7,4.1.2,110,CHUQUISACA,Tomina,Padillla,False,13,col_09,1,PROVINCIAS TRIBUNAL DE SENTENCIA (Nominal),False,Tribunal de Sentencia (Nominal),tribunal_sentencia_nominal,organo_judicial,,,,,,,,,Chuquisaca,2023,False
10,4.1.2,110,CHUQUISACA,Hernando Siles Monteagudo,,False,13,col_09,1,PROVINCIAS TRIBUNAL DE SENTENCIA (Nominal),False,Tribunal de Sentencia (Nominal),tribunal_sentencia_nominal,organo_judicial,,,,,,,,,Chuquisaca,2023,False
13,4.1.2,110,CHUQUISACA,Nor Cinti,Camargo,False,13,col_09,1,PROVINCIAS TRIBUNAL DE SENTENCIA (Nominal),False,Tribunal de Sentencia (Nominal),tribunal_sentencia_nominal,organo_judicial,,,,,,,,,Chuquisaca,2023,False
21,4.1.2,110,CHUQUISACA,TOTALES,,False,13,col_09,3,PROVINCIAS TRIBUNAL DE SENTENCIA (Nominal),False,Tribunal de Sentencia (Nominal),tribunal_sentencia_nominal,organo_judicial,,,,,,,,,Chuquisaca,2023,False
2,4.1.3,111,LA PAZ,Omasuyos,Achacahi,False,12,col_09,1,TRIBUNAL SENTENCIA AMPLIACION COMPETENCIAS,False,Tribunal de Sentencia con Ampliación de Competencias,tribunal_sentencia_ampliacion_competencias,organo_judicial,,,,,,,,,La Paz,2023,False
23,4.1.3,111,LA PAZ,Aroma,Sica Sica,False,12,col_09,1,TRIBUNAL SENTENCIA AMPLIACION COMPETENCIAS,False,Tribunal de Sentencia con Ampliación de Competencias,tribunal_sentencia_ampliacion_competencias,organo_judicial,,,,,,,,,La Paz,2023,False
30,4.1.3,111,LA PAZ,TOTALES,,False,12,col_09,2,TRIBUNAL SENTENCIA AMPLIACION COMPETENCIAS,False,Tribunal de Sentencia con Ampliación de Competencias,tribunal_sentencia_ampliacion_competencias,organo_judicial,,,,,,,,,La Paz,2023,False
2,4.1.4,112,COCHABAMBA,Ayopaya,Independencia,False,19,col_09,1,TIPO JUZGADO PÚBLICO MIXTO PARTIDO INSTRUCCIÓ PENAL,False,"Juzgado Público Mixto, Partido e Instrucción Penal",juzgado_publico_mixto_partido_instruccion_penal,organo_judicial,,,,,,,,,Cochabamba,2023,False
3,4.1.4,112,COCHABAMBA,Ayopaya,Morochata,False,19,col_09,1,TIPO JUZGADO PÚBLICO MIXTO PARTIDO INSTRUCCIÓ PENAL,False,"Juzgado Público Mixto, Partido e Instrucción Penal",juzgado_publico_mixto_partido_instruccion_penal,organo_judicial,,,,,,,,,Cochabamba,2023,False
5,4.1.4,112,COCHABAMBA,Esteban Arce,Anzaldo,False,19,col_09,1,TIPO JUZGADO PÚBLICO MIXTO PARTIDO INSTRUCCIÓ PENAL,False,"Juzgado Público Mixto, Partido e Instrucción Penal",juzgado_publico_mixto_partido_instruccion_penal,organo_judicial,,,,,,,,,Cochabamba,2023,False
7,4.1.4,112,COCHABAMBA,Arque,Arque,False,19,col_09,1,TIPO JUZGADO PÚBLICO MIXTO PARTIDO INSTRUCCIÓ PENAL,False,"Juzgado Público Mixto, Partido e Instrucción Penal",juzgado_publico_mixto_partido_instruccion_penal,organo_judicial,,,,,,,,,Cochabamba,2023,False
9,4.1.4,112,COCHABAMBA,Capinota,Santiváñez,False,19,col_09,1,TIPO JUZGADO PÚBLICO MIXTO PARTIDO INSTRUCCIÓ PENAL,False,"Juzgado Público Mixto, Partido e Instrucción Penal",juzgado_publico_mixto_partido_instruccion_penal,organo_judicial,,,,,,,,,Cochabamba,2023,False
19,4.1.4,112,COCHABAMBA,Tapacari,Tapacari,False,19,col_09,1,TIPO JUZGADO PÚBLICO MIXTO PARTIDO INSTRUCCIÓ PENAL,False,"Juzgado Público Mixto, Partido e Instrucción Penal",juzgado_publico_mixto_partido_instruccion_penal,organo_judicial,,,,,,,,,Cochabamba,2023,False
28,4.1.4,112,COCHABAMBA,TOTALES,,False,19,col_09,6,TIPO JUZGADO PÚBLICO MIXTO PARTIDO INSTRUCCIÓ PENAL,False,"Juzgado Público Mixto, Partido e Instrucción Penal",juzgado_publico_mixto_partido_instruccion_penal,organo_judicial,,,,,,,,,Cochabamba,2023,False
1,4.1.5,113,ORURO,Cercado,Caracollo,False,9,col_09,3,TOTALES,True,Total,total,total,,,,,,,,,Oruro,2023,False
2,4.1.5,113,ORURO,Avaroa,Challapata,False,9,col_09,7,TOTALES,True,Total,total,total,,,,,,,,,Oruro,2023,False
3,4.1.5,113,ORURO,Carangas,Corque,False,9,col_09,3,TOTALES,True,Total,total,total,,,,,,,,,Oruro,2023,False
4,4.1.5,113,ORURO,Sajama,Curahuara de Carangas,False,9,col_09,2,TOTALES,True,Total,total,total,,,,,,,,,Oruro,2023,False
5,4.1.5,113,ORURO,Litoral,Huachacalla,False,9,col_09,3,TOTALES,True,Total,total,total,,,,,,,,,Oruro,2023,False
6,4.1.5,113,ORURO,Poopó,Poopó,False,9,col_09,1,TOTALES,True,Total,total,total,,,,,,,,,Oruro,2023,False
7,4.1.5,113,ORURO,Pantaleón Dalence,Huanuni,False,9,col_09,6,TOTALES,True,Total,total,total,,,,,,,,,Oruro,2023,False
8,4.1.5,113,ORURO,Ladislao Cabrera,Salinas de Garci Mendoza,False,9,col_09,1,TOTALES,True,Total,total,total,,,,,,,,,Oruro,2023,False
9,4.1.5,113,ORURO,Atahuallpa,Sabaya,False,9,col_09,1,TOTALES,True,Total,total,total,,,,,,,,,Oruro,2023,False
10,4.1.5,113,ORURO,Tomas Barrón,Eucaliptos,False,9,col_09,1,TOTALES,True,Total,total,total,,,,,,,,,Oruro,2023,False
11,4.1.5,113,ORURO,Sebastián Pagador,Santiago de Huari,False,9,col_09,1,TOTALES,True,Total,total,total,,,,,,,,,Oruro,2023,False
12,4.1.5,113,ORURO,Sud Carangas,Orinoca,False,9,col_09,1,TOTALES,True,Total,total,total,,,,,,,,,Oruro,2023,False
13,4.1.5,113,ORURO,TOTALES,,False,9,col_09,30,TOTALES,True,Total,total,total,,,,,,,,,Oruro,2023,False
2,4.1.6,114,POTOSI,Rafael Bustillos,Uncía,False,12,col_09,1,TRIBUNAL SENTENCIA (Nominal),False,Tribunal de Sentencia (Nominal),tribunal_sentencia_nominal,organo_judicial,,,,,,,,,Potosí,2023,False
3,4.1.6,114,POTOSI,Rafael Bustillos,Llallagua,False,12,col_09,1,TRIBUNAL SENTENCIA (Nominal),False,Tribunal de Sentencia (Nominal),tribunal_sentencia_nominal,organo_judicial,,,,,,,,,Potosí,2023,False
14,4.1.6,114,POTOSI,Sud Chichas,Tupiza,False,12,col_09,1,TRIBUNAL SENTENCIA (Nominal),False,Tribunal de Sentencia (Nominal),tribunal_sentencia_nominal,organo_judicial,,,,,,,,,Potosí,2023,False
19,4.1.6,114,POTOSI,Quijarro,Uyuni,False,12,col_09,1,TRIBUNAL SENTENCIA (Nominal),False,Tribunal de Sentencia (Nominal),tribunal_sentencia_nominal,organo_judicial,,,,,,,,,Potosí,2023,False
23,4.1.6,114,POTOSI,Modesto Omiste,Villazón,False,12,col_09,1,TRIBUNAL SENTENCIA (Nominal),False,Tribunal de Sentencia (Nominal),tribunal_sentencia_nominal,organo_judicial,,,,,,,,,Potosí,2023,False
24,4.1.6,114,POTOSI,TOTALES,,False,12,col_09,5,TRIBUNAL SENTENCIA (Nominal),False,Tribunal de Sentencia (Nominal),tribunal_sentencia_nominal,organo_judicial,,,,,,,,,Potosí,2023,False
2,4.1.7,115,TARIJA,Aniceto Arce,Bermejo,False,16,col_09,1,JUZGADO JUZGADO SENTENCIA /ANTI.VIOL ENCIA,False,,,indeterminado,,,,,,,,,Tarija,2023,False
3,4.1.7,115,TARIJA,Gran Chaco,Yacuiba,False,16,col_09,3,JUZGADO JUZGADO SENTENCIA /ANTI.VIOL ENCIA,False,,,indeterminado,,,,,,,,,Tarija,2023,False
9,4.1.7,115,TARIJA,TOTALES,,False,16,col_09,4,JUZGADO JUZGADO SENTENCIA /ANTI.VIOL ENCIA,False,,,indeterminado,,,,,,,,,Tarija,2023,False
2,4.1.8,116,SANTA CRUZ,Andrés Ibáñez,La Guardia,False,18,col_09,1,CONCILIADORES DE JUZGADO PÚBLICO MIXTO PARTIDO DE SENTENCIA PENAL,False,"Juzgado Público Mixto, Partido y de Sentencia Penal",juzgado_publico_mixto_partido_sentencia_penal,organo_judicial,,,,,,,,,Santa Cruz,2023,False
5,4.1.8,116,SANTA CRUZ,Velasco,San Ignacio,False,18,col_09,1,CONCILIADORES DE JUZGADO PÚBLICO MIXTO PARTIDO DE SENTENCIA PENAL,False,"Juzgado Público Mixto, Partido y de Sentencia Penal",juzgado_publico_mixto_partido_sentencia_penal,organo_judicial,,,,,,,,,Santa Cruz,2023,False
7,4.1.8,116,SANTA CRUZ,Ichilo,Yapacani1,False,18,col_09,1,CONCILIADORES DE JUZGADO PÚBLICO MIXTO PARTIDO DE SENTENCIA PENAL,False,"Juzgado Público Mixto, Partido y de Sentencia Penal",juzgado_publico_mixto_partido_sentencia_penal,organo_judicial,,,,,,,,,Santa Cruz,2023,False
8,4.1.8,116,SANTA CRUZ,Chiquitos,San José,False,18,col_09,1,CONCILIADORES DE JUZGADO PÚBLICO MIXTO PARTIDO DE SENTENCIA PENAL,False,"Juzgado Público Mixto, Partido y de Sentencia Penal",juzgado_publico_mixto_partido_sentencia_penal,organo_judicial,,,,,,,,,Santa Cruz,2023,False
17,4.1.8,116,SANTA CRUZ,Florida,Samaipata,False,18,col_09,1,CONCILIADORES DE JUZGADO PÚBLICO MIXTO PARTIDO DE SENTENCIA PENAL,False,"Juzgado Público Mixto, Partido y de Sentencia Penal",juzgado_publico_mixto_partido_sentencia_penal,organo_judicial,,,,,,,,,Santa Cruz,2023,False
20,4.1.8,116,SANTA CRUZ,Ñuflo de Chávez,Concepción,False,18,col_09,1,CONCILIADORES DE JUZGADO PÚBLICO MIXTO PARTIDO DE SENTENCIA PENAL,False,"Juzgado Público Mixto, Partido y de Sentencia Penal",juzgado_publico_mixto_partido_sentencia_penal,organo_judicial,,,,,,,,,Santa Cruz,2023,False
28,4.1.8,116,SANTA CRUZ,TOTALES,,False,18,col_09,6,CONCILIADORES DE JUZGADO PÚBLICO MIXTO PARTIDO DE SENTENCIA PENAL,False,"Juzgado Público Mixto, Partido y de Sentencia Penal",juzgado_publico_mixto_partido_sentencia_penal,organo_judicial,,,,,,,,,Santa Cruz,2023,False
1,4.1.9,117,BENI,Vaca Diez,Riberalta,False,15,col_09,1,EN JUZGADO DE SENTENCI A,False,Juzgado de Sentencia,juzgado_sentencia,organo_judicial,,,,,,,,,Beni,2023,False
10,4.1.9,117,BENI,TOTALES,,False,15,col_09,1,EN JUZGADO DE SENTENCI A,False,Juzgado de Sentencia,juzgado_sentencia,organo_judicial,,,,,,,,,Beni,2023,False
1,4.1.1,109,CIUDADES CAPITALES Y EL ALTO,JUZGADOS DE INSTRUCCIÓN,,False,11,col_10,4,COBIJA 21,False,Cobija,ciudad_cobija,otro,f001,Juzgados de Instrucción,juzgados_instruccion,juzgado,subtotal,f037,1,False,,2023,False
2,4.1.1,109,CIUDADES CAPITALES Y EL ALTO,Penal,,False,11,col_10,3,COBIJA 21,False,Cobija,ciudad_cobija,otro,f002,Juzgado de Instrucción Penal,juzgado_instruccion_penal,juzgado,detalle,f001,2,True,,2023,False
4,4.1.1,109,CIUDADES CAPITALES Y EL ALTO,Contra la Violencia hacia las mujeres,,False,11,col_10,1,COBIJA 21,False,Cobija,ciudad_cobija,otro,f004,Juzgado de Instrucción Contra la Violencia hacia las Mujeres,juzgado_instruccion_violencia_mujeres,juzgado,detalle,f001,2,True,,2023,False
6,4.1.1,109,CIUDADES CAPITALES Y EL ALTO,JUZGADOS DE PARTIDO Y TRIBUNALES,,False,11,col_10,9,COBIJA 21,False,Cobija,ciudad_cobija,otro,f006,Juzgados de Partido y Tribunales,juzgados_partido_tribunales,otro,subtotal,f037,1,False,,2023,False
7,4.1.1,109,CIUDADES CAPITALES Y EL ALTO,Trabajo y Seguridad Social,,False,11,col_10,2,COBIJA 21,False,Cobija,ciudad_cobija,otro,f007,Juzgado de Partido del Trabajo y Seguridad Social,juzgado_partido_trabajo_seguridad_social,juzgado,detalle,f006,2,True,,2023,False
8,4.1.1,109,CIUDADES CAPITALES Y EL ALTO,Adm. Coactivo Fiscal Tributario,,False,11,col_10,1,COBIJA 21,False,Cobija,ciudad_cobija,otro,f008,Juzgado de Partido Adm. Coactivo Fiscal Tributario,juzgado_partido_adm_coactivo_fiscal_tributario,juzgado,detalle,f006,2,True,,2023,False
10,4.1.1,109,CIUDADES CAPITALES Y EL ALTO,Sentencia Penal,,False,11,col_10,2,COBIJA 21,False,Cobija,ciudad_cobija,otro,f010,Juzgado de Sentencia Penal,juzgado_sentencia_penal,juzgado,detalle,f006,2,True,,2023,False
16,4.1.1,109,CIUDADES CAPITALES Y EL ALTO,Tribunal de Sentencia,,False,11,col_10,2,COBIJA 21,False,Cobija,ciudad_cobija,otro,f016,Tribunal de Sentencia,tribunal_sentencia,tribunal,detalle,f006,2,True,,2023,False
19,4.1.1,109,CIUDADES CAPITALES Y EL ALTO,Ejecución Penal,,False,11,col_10,1,COBIJA 21,False,Cobija,ciudad_cobija,otro,f019,Juzgado de Ejecución Penal,juzgado_ejecucion_penal,juzgado,detalle,f006,2,True,,2023,False
20,4.1.1,109,CIUDADES CAPITALES Y EL ALTO,Agroambientales,,False,11,col_10,1,COBIJA 21,False,Cobija,ciudad_cobija,otro,f020,Juzgado Agroambiental,juzgado_agroambiental,juzgado,detalle,f006,2,True,,2023,False
21,4.1.1,109,CIUDADES CAPITALES Y EL ALTO,JUZGADOS PUBLICOS,,False,11,col_10,8,COBIJA 21,False,Cobija,ciudad_cobija,otro,f021,Juzgados Públicos,juzgados_publicos,juzgado,subtotal,f037,1,False,,2023,False
22,4.1.1,109,CIUDADES CAPITALES Y EL ALTO,Civil y Comercial,,False,11,col_10,4,COBIJA 21,False,Cobija,ciudad_cobija,otro,f022,Juzgado Público Civil y Comercial,juzgado_publico_civil_comercial,juzgado,detalle,f021,2,True,,2023,False
23,4.1.1,109,CIUDADES CAPITALES Y EL ALTO,Familia,,False,11,col_10,3,COBIJA 21,False,Cobija,ciudad_cobija,otro,f023,Juzgado Público de Familia,juzgado_publico_familia,juzgado,detalle,f021,2,True,,2023,False
24,4.1.1,109,CIUDADES CAPITALES Y EL ALTO,Niñez y Adolescencia,,False,11,col_10,1,COBIJA 21,False,Cobija,ciudad_cobija,otro,f024,Juzgado Público de la Niñez y Adolescencia,juzgado_publico_ninez_adolescencia,juzgado,detalle,f021,2,True,,2023,False
25,4.1.1,109,CIUDADES CAPITALES Y EL ALTO,JUZGADOS MIXTOS,,False,11,col_10,0,COBIJA 21,False,Cobija,ciudad_cobija,otro,f025,Juzgados Mixtos,juzgados_mixtos,juzgado,subtotal,f037,1,False,,2023,False
29,4.1.1,109,CIUDADES CAPITALES Y EL ALTO,SALAS,,False,11,col_10,3,COBIJA 21,False,Cobija,ciudad_cobija,otro,f029,Salas,salas,sala,subtotal,f037,1,False,,2023,False
30,4.1.1,109,CIUDADES CAPITALES Y EL ALTO,Civil,,False,11,col_10,1,COBIJA 21,False,Cobija,ciudad_cobija,otro,f030,Sala Civil,sala_civil,sala,detalle,f029,2,True,,2023,False
31,4.1.1,109,CIUDADES CAPITALES Y EL ALTO,Penal,,False,11,col_10,1,COBIJA 21,False,Cobija,ciudad_cobija,otro,f031,Sala Penal,sala_penal,sala,detalle,f029,2,True,,2023,False
34,4.1.1,109,CIUDADES CAPITALES Y EL ALTO,Constitucionales,,False,11,col_10,1,COBIJA 21,False,Cobija,ciudad_cobija,otro,f034,Sala Constitucional,sala_constitucional,sala,detalle,f029,2,True,,2023,False
35,4.1.1,109,CIUDADES CAPITALES Y EL ALTO,JUZGADOS DISCIPLINARIOS,,False,11,col_10,2,COBIJA 21,False,Cobija,ciudad_cobija,otro,f035,Juzgados Disciplinarios,juzgados_disciplinarios,juzgado,detalle,f037,1,True,,2023,False
36,4.1.1,109,CIUDADES CAPITALES Y EL ALTO,CONCILIADORES,,False,11,col_10,1,COBIJA 21,False,Cobija,ciudad_cobija,otro,f036,Conciliadores,conciliadores,conciliador,detalle,f037,1,True,,2023,False
37,4.1.1,109,CIUDADES CAPITALES Y EL ALTO,TOTAL GENERAL,,False,11,col_10,27,COBIJA 21,False,Cobija,ciudad_cobija,otro,f037,Total general,total_general,otro,total_general,,0,False,,2023,False
10,4.1.2,110,CHUQUISACA,Hernando Siles Monteagudo,,False,13,col_10,1,EJECUCION PENAL,False,Ejecución Penal,ejecucion_penal,organo_judicial,,,,,,,,,Chuquisaca,2023,False
21,4.1.2,110,CHUQUISACA,TOTALES,,False,13,col_10,1,EJECUCION PENAL,False,Ejecución Penal,ejecucion_penal,organo_judicial,,,,,,,,,Chuquisaca,2023,False
2,4.1.3,111,LA PAZ,Omasuyos,Achacahi,False,12,col_10,1,CONCILIADO R,False,Conciliador,conciliador,conciliador,,,,,,,,,La Paz,2023,False
6,4.1.3,111,LA PAZ,Camacho,Puerto Carabuco,False,12,col_10,1,CONCILIADO R,False,Conciliador,conciliador,conciliador,,,,,,,,,La Paz,2023,False
10,4.1.3,111,LA PAZ,Franz Tamayo,Apolo,False,12,col_10,1,CONCILIADO R,False,Conciliador,conciliador,conciliador,,,,,,,,,La Paz,2023,False
11,4.1.3,111,LA PAZ,Ingavi,Viacha,False,12,col_10,2,CONCILIADO R,False,Conciliador,conciliador,conciliador,,,,,,,,,La Paz,2023,False
19,4.1.3,111,LA PAZ,Sud Yungas,Chulumani,False,12,col_10,1,CONCILIADO R,False,Conciliador,conciliador,conciliador,,,,,,,,,La Paz,2023,False
24,4.1.3,111,LA PAZ,Aroma,Patacamaya,False,12,col_10,1,CONCILIADO R,False,Conciliador,conciliador,conciliador,,,,,,,,,La Paz,2023,False
28,4.1.3,111,LA PAZ,Manco Kapac,Copacabana,False,12,col_10,1,CONCILIADO R,False,Conciliador,conciliador,conciliador,,,,,,,,,La Paz,2023,False
29,4.1.3,111,LA PAZ,Caranavi,Caranavi,False,12,col_10,1,CONCILIADO R,False,Conciliador,conciliador,conciliador,,,,,,,,,La Paz,2023,False
30,4.1.3,111,LA PAZ,TOTALES,,False,12,col_10,9,CONCILIADO R,False,Conciliador,conciliador,conciliador,,,,,,,,,La Paz,2023,False
1,4.1.4,112,COCHABAMBA,Campero,Aiquile,False,19,col_10,1,JUZGADO JUZGADO PÚBLICO MIXTO PARTIDO DE SENTENCIA PENAL,False,"Juzgado Público Mixto, Partido y de Sentencia Penal",juzgado_publico_mixto_partido_sentencia_penal,organo_judicial,,,,,,,,,Cochabamba,2023,False
6,4.1.4,112,COCHABAMBA,Arani,Arani,False,19,col_10,1,JUZGADO JUZGADO PÚBLICO MIXTO PARTIDO DE SENTENCIA PENAL,False,"Juzgado Público Mixto, Partido y de Sentencia Penal",juzgado_publico_mixto_partido_sentencia_penal,organo_judicial,,,,,,,,,Cochabamba,2023,False
8,4.1.4,112,COCHABAMBA,Capinota,Capinota,False,19,col_10,1,JUZGADO JUZGADO PÚBLICO MIXTO PARTIDO DE SENTENCIA PENAL,False,"Juzgado Público Mixto, Partido y de Sentencia Penal",juzgado_publico_mixto_partido_sentencia_penal,organo_judicial,,,,,,,,,Cochabamba,2023,False
13,4.1.4,112,COCHABAMBA,Quillacollo,Colcapirhua,False,19,col_10,1,JUZGADO JUZGADO PÚBLICO MIXTO PARTIDO DE SENTENCIA PENAL,False,"Juzgado Público Mixto, Partido y de Sentencia Penal",juzgado_publico_mixto_partido_sentencia_penal,organo_judicial,,,,,,,,,Cochabamba,2023,False
22,4.1.4,112,COCHABAMBA,Carrasco,Ivirgarzama,False,19,col_10,1,JUZGADO JUZGADO PÚBLICO MIXTO PARTIDO DE SENTENCIA PENAL,False,"Juzgado Público Mixto, Partido y de Sentencia Penal",juzgado_publico_mixto_partido_sentencia_penal,organo_judicial,,,,,,,,,Cochabamba,2023,False
28,4.1.4,112,COCHABAMBA,TOTALES,,False,19,col_10,5,JUZGADO JUZGADO PÚBLICO MIXTO PARTIDO DE SENTENCIA PENAL,False,"Juzgado Público Mixto, Partido y de Sentencia Penal",juzgado_publico_mixto_partido_sentencia_penal,organo_judicial,,,,,,,,,Cochabamba,2023,False
2,4.1.6,114,POTOSI,Rafael Bustillos,Uncía,False,12,col_10,1,CONCILI ADOR,False,Conciliador,conciliador,conciliador,,,,,,,,,Potosí,2023,False
3,4.1.6,114,POTOSI,Rafael Bustillos,Llallagua,False,12,col_10,1,CONCILI ADOR,False,Conciliador,conciliador,conciliador,,,,,,,,,Potosí,2023,False
5,4.1.6,114,POTOSI,Chayanta,Colquechaca,False,12,col_10,1,CONCILI ADOR,False,Conciliador,conciliador,conciliador,,,,,,,,,Potosí,2023,False
9,4.1.6,114,POTOSI,Charcas,S.P. De Buena Vista,False,12,col_10,1,CONCILI ADOR,False,Conciliador,conciliador,conciliador,,,,,,,,,Potosí,2023,False
11,4.1.6,114,POTOSI,Nor Chichas,Cotagaita,False,12,col_10,1,CONCILI ADOR,False,Conciliador,conciliador,conciliador,,,,,,,,,Potosí,2023,False
14,4.1.6,114,POTOSI,Sud Chichas,Tupiza,False,12,col_10,1,CONCILI ADOR,False,Conciliador,conciliador,conciliador,,,,,,,,,Potosí,2023,False
19,4.1.6,114,POTOSI,Quijarro,Uyuni,False,12,col_10,1,CONCILI ADOR,False,Conciliador,conciliador,conciliador,,,,,,,,,Potosí,2023,False
23,4.1.6,114,POTOSI,Modesto Omiste,Villazón,False,12,col_10,1,CONCILI ADOR,False,Conciliador,conciliador,conciliador,,,,,,,,,Potosí,2023,False
24,4.1.6,114,POTOSI,TOTALES,,False,12,col_10,8,CONCILI ADOR,False,Conciliador,conciliador,conciliador,,,,,,,,,Potosí,2023,False
2,4.1.7,115,TARIJA,Aniceto Arce,Bermejo,False,16,col_10,3,"EN JUZGADO SENTENCIA PUBLICO, TRABAJO JUEZ TÉCNICO",False,"Juzgado Sentencia, Público, Trabajo y Juez Técnico",juzgado_sentencia_publico_trabajo_juez_tecnico,organo_judicial,,,,,,,,,Tarija,2023,False
4,4.1.7,115,TARIJA,Gran Chaco,Villamontes,False,16,col_10,3,"EN JUZGADO SENTENCIA PUBLICO, TRABAJO JUEZ TÉCNICO",False,"Juzgado Sentencia, Público, Trabajo y Juez Técnico",juzgado_sentencia_publico_trabajo_juez_tecnico,organo_judicial,,,,,,,,,Tarija,2023,False
9,4.1.7,115,TARIJA,TOTALES,,False,16,col_10,6,"EN JUZGADO SENTENCIA PUBLICO, TRABAJO JUEZ TÉCNICO",False,"Juzgado Sentencia, Público, Trabajo y Juez Técnico",juzgado_sentencia_publico_trabajo_juez_tecnico,organo_judicial,,,,,,,,,Tarija,2023,False
18,4.1.8,116,SANTA CRUZ,Obispo Santiesteban,Montero,False,18,col_10,1,JUZGADO JUZGADO PARTIDO MIXTO,False,Juzgado Partido Mixto,juzgado_partido_mixto,organo_judicial,,,,,,,,,Santa Cruz,2023,False
28,4.1.8,116,SANTA CRUZ,TOTALES,,False,18,col_10,1,JUZGADO JUZGADO PARTIDO MIXTO,False,Juzgado Partido Mixto,juzgado_partido_mixto,organo_judicial,,,,,,,,,Santa Cruz,2023,False
2,4.1.9,117,BENI,Vaca Diez,Guayaramerín,False,15,col_10,3,"PROVINCIAS JUZGADO SENTENCIA, PUBLICO, TRABAJO JUEZ TÉCNICO",False,"Juzgado Sentencia, Público, Trabajo y Juez Técnico",juzgado_sentencia_publico_trabajo_juez_tecnico,organo_judicial,,,,,,,,,Beni,2023,False
10,4.1.9,117,BENI,TOTALES,,False,15,col_10,3,"PROVINCIAS JUZGADO SENTENCIA, PUBLICO, TRABAJO JUEZ TÉCNICO",False,"Juzgado Sentencia, Público, Trabajo y Juez Técnico",juzgado_sentencia_publico_trabajo_juez_tecnico,organo_judicial,,,,,,,,,Beni,2023,False
1,4.1.1,109,CIUDADES CAPITALES Y EL ALTO,JUZGADOS DE INSTRUCCIÓN,,False,11,col_11,108,TOTAL,True,Total,total,total,f001,Juzgados de Instrucción,juzgados_instruccion,juzgado,subtotal,f037,1,False,,2023,False
2,4.1.1,109,CIUDADES CAPITALES Y EL ALTO,Penal,,False,11,col_11,71,TOTAL,True,Total,total,total,f002,Juzgado de Instrucción Penal,juzgado_instruccion_penal,juzgado,detalle,f001,2,True,,2023,False
3,4.1.1,109,CIUDADES CAPITALES Y EL ALTO,Anticorrupción y Contra la Violencia hacia las mujeres,,False,11,col_11,20,TOTAL,True,Total,total,total,f003,Juzgado de Instrucción Anticorrupción y Contra la Violencia hacia las Mujeres,juzgado_instruccion_anticorrupcion_violencia_mujeres,juzgado,detalle,f001,2,True,,2023,False
4,4.1.1,109,CIUDADES CAPITALES Y EL ALTO,Contra la Violencia hacia las mujeres,,False,11,col_11,13,TOTAL,True,Total,total,total,f004,Juzgado de Instrucción Contra la Violencia hacia las Mujeres,juzgado_instruccion_violencia_mujeres,juzgado,detalle,f001,2,True,,2023,False
5,4.1.1,109,CIUDADES CAPITALES Y EL ALTO,Anticorrupción,,False,11,col_11,4,TOTAL,True,Total,total,total,f005,Juzgado de Instrucción Anticorrupción,juzgado_instruccion_anticorrupcion,juzgado,detalle,f001,2,True,,2023,False
6,4.1.1,109,CIUDADES CAPITALES Y EL ALTO,JUZGADOS DE PARTIDO Y TRIBUNALES,,False,11,col_11,242,TOTAL,True,Total,total,total,f006,Juzgados de Partido y Tribunales,juzgados_partido_tribunales,otro,subtotal,f037,1,False,,2023,False
7,4.1.1,109,CIUDADES CAPITALES Y EL ALTO,Trabajo y Seguridad Social,,False,11,col_11,38,TOTAL,True,Total,total,total,f007,Juzgado de Partido del Trabajo y Seguridad Social,juzgado_partido_trabajo_seguridad_social,juzgado,detalle,f006,2,True,,2023,False
8,4.1.1,109,CIUDADES CAPITALES Y EL ALTO,Adm. Coactivo Fiscal Tributario,,False,11,col_11,13,TOTAL,True,Total,total,total,f008,Juzgado de Partido Adm. Coactivo Fiscal Tributario,juzgado_partido_adm_coactivo_fiscal_tributario,juzgado,detalle,f006,2,True,,2023,False
9,4.1.1,109,CIUDADES CAPITALES Y EL ALTO,Trabajo y Seguridad Social y Adm. Coactivo Fiscal y Tributario,,False,11,col_11,13,TOTAL,True,Total,total,total,f009,Juzgado de Partido del Trabajo y Seguridad Social y Adm. Coactivo Fiscal y Tributario,juzgado_partido_trabajo_seguridad_social_adm_coactivo_fiscal_tributario,juzgado,detalle,f006,2,True,,2023,False
10,4.1.1,109,CIUDADES CAPITALES Y EL ALTO,Sentencia Penal,,False,11,col_11,89,TOTAL,True,Total,total,total,f010,Juzgado de Sentencia Penal,juzgado_sentencia_penal,juzgado,detalle,f006,2,True,,2023,False
11,4.1.1,109,CIUDADES CAPITALES Y EL ALTO,Sentencia Contra la Violencia hacia las Mujeres,,False,11,col_11,15,TOTAL,True,Total,total,total,f011,Juzgado de Sentencia Contra la Violencia hacia las Mujeres,juzgado_sentencia_violencia_mujeres,juzgado,detalle,f006,2,True,,2023,False
12,4.1.1,109,CIUDADES CAPITALES Y EL ALTO,Sentencia Anticorrupcion y Contra la Violencia hacia las mujeres,,False,11,col_11,9,TOTAL,True,Total,total,total,f012,Juzgado de Sentencia Anticorrupción y Contra la Violencia hacia las Mujeres,juzgado_sentencia_anticorrupcion_violencia_mujeres,juzgado,detalle,f006,2,True,,2023,False
13,4.1.1,109,CIUDADES CAPITALES Y EL ALTO,Sentencia Penal y Anticorrupción,,False,11,col_11,1,TOTAL,True,Total,total,total,f013,Juzgado de Sentencia Penal y Anticorrupción,juzgado_sentencia_penal_anticorrupcion,juzgado,detalle,f006,2,True,,2023,False
14,4.1.1,109,CIUDADES CAPITALES Y EL ALTO,Sentencia Penal y Perdida de Dominio,,False,11,col_11,3,TOTAL,True,Total,total,total,f014,Juzgado de Sentencia Penal y Pérdida de Dominio,juzgado_sentencia_penal_perdida_dominio,juzgado,detalle,f006,2,True,,2023,False
15,4.1.1,109,CIUDADES CAPITALES Y EL ALTO,Sentencia Penal y Contra la Violencia hacia las mujeres,,False,11,col_11,1,TOTAL,True,Total,total,total,f015,Juzgado de Sentencia Penal y Contra la Violencia hacia las Mujeres,juzgado_sentencia_penal_violencia_mujeres,juzgado,detalle,f006,2,True,,2023,False
16,4.1.1,109,CIUDADES CAPITALES Y EL ALTO,Tribunal de Sentencia,,False,11,col_11,30,TOTAL,True,Total,total,total,f016,Tribunal de Sentencia,tribunal_sentencia,tribunal,detalle,f006,2,True,,2023,False
17,4.1.1,109,CIUDADES CAPITALES Y EL ALTO,Tribunal de Sentencia Anticorrupcion y Contra la Violencia hacia las mujeres,,False,11,col_11,1,TOTAL,True,Total,total,total,f017,Tribunal de Sentencia Anticorrupción y Contra la Violencia hacia las Mujeres,tribunal_sentencia_anticorrupcion_violencia_mujeres,tribunal,detalle,f006,2,True,,2023,False
18,4.1.1,109,CIUDADES CAPITALES Y EL ALTO,Tribunal de Sentencia Anticorrupcion,,False,11,col_11,1,TOTAL,True,Total,total,total,f018,Tribunal de Sentencia Anticorrupción,tribunal_sentencia_anticorrupcion,tribunal,detalle,f006,2,True,,2023,False
19,4.1.1,109,CIUDADES CAPITALES Y EL ALTO,Ejecución Penal,,False,11,col_11,19,TOTAL,True,Total,total,total,f019,Juzgado de Ejecución Penal,juzgado_ejecucion_penal,juzgado,detalle,f006,2,True,,2023,False
20,4.1.1,109,CIUDADES CAPITALES Y EL ALTO,Agroambientales,,False,11,col_11,9,TOTAL,True,Total,total,total,f020,Juzgado Agroambiental,juzgado_agroambiental,juzgado,detalle,f006,2,True,,2023,False
21,4.1.1,109,CIUDADES CAPITALES Y EL ALTO,JUZGADOS PUBLICOS,,False,11,col_11,278,TOTAL,True,Total,total,total,f021,Juzgados Públicos,juzgados_publicos,juzgado,subtotal,f037,1,False,,2023,False
22,4.1.1,109,CIUDADES CAPITALES Y EL ALTO,Civil y Comercial,,False,11,col_11,153,TOTAL,True,Total,total,total,f022,Juzgado Público Civil y Comercial,juzgado_publico_civil_comercial,juzgado,detalle,f021,2,True,,2023,False
23,4.1.1,109,CIUDADES CAPITALES Y EL ALTO,Familia,,False,11,col_11,99,TOTAL,True,Total,total,total,f023,Juzgado Público de Familia,juzgado_publico_familia,juzgado,detalle,f021,2,True,,2023,False
24,4.1.1,109,CIUDADES CAPITALES Y EL ALTO,Niñez y Adolescencia,,False,11,col_11,26,TOTAL,True,Total,total,total,f024,Juzgado Público de la Niñez y Adolescencia,juzgado_publico_ninez_adolescencia,juzgado,detalle,f021,2,True,,2023,False
25,4.1.1,109,CIUDADES CAPITALES Y EL ALTO,JUZGADOS MIXTOS,,False,11,col_11,21,TOTAL,True,Total,total,total,f025,Juzgados Mixtos,juzgados_mixtos,juzgado,subtotal,f037,1,False,,2023,False
26,4.1.1,109,CIUDADES CAPITALES Y EL ALTO,Instrucción Penal y Contra la Violencia hacia las Mujeres (EPI NORTE- EPI SUR),,False,11,col_11,4,TOTAL,True,Total,total,total,f026,Juzgado Mixto de Instrucción Penal y Contra la Violencia hacia las Mujeres (EPI Norte-EPI Sur),juzgado_mixto_instruccion_penal_violencia_mujeres_epi_norte_sur,juzgado,detalle,f025,2,True,,2023,False
27,4.1.1,109,CIUDADES CAPITALES Y EL ALTO,"Público Civil y Comercial, de Familia e Instrucción Penal (EPI SUR Y SUD ESTE, Plan 3000)",,False,11,col_11,10,TOTAL,True,Total,total,total,f027,"Juzgado Mixto Público Civil y Comercial, de Familia e Instrucción Penal (EPI Sur y Sud Este, Plan 3000)",juzgado_mixto_publico_civil_comercial_familia_instruccion_penal_epi_sur_sud_este_plan_3000,juzgado,detalle,f025,2,True,,2023,False
28,4.1.1,109,CIUDADES CAPITALES Y EL ALTO,"Público Civil y Comercial, de Familia, Niñez y Adolscencia e Instrucción Penal (C. Integrado) y EPI Norte",,False,11,col_11,7,TOTAL,True,Total,total,total,f028,"Juzgado Mixto Público Civil y Comercial, de Familia, Niñez y Adolescencia e Instrucción Penal (C. Integrado) y EPI Norte",juzgado_mixto_publico_civil_comercial_familia_ninez_adolescencia_instruccion_penal_c_integrado_epi_norte,juzgado,detalle,f025,2,True,,2023,False
29,4.1.1,109,CIUDADES CAPITALES Y EL ALTO,SALAS,,False,11,col_11,81,TOTAL,True,Total,total,total,f029,Salas,salas,sala,subtotal,f037,1,False,,2023,False
30,4.1.1,109,CIUDADES CAPITALES Y EL ALTO,Civil,,False,11,col_11,21,TOTAL,True,Total,total,total,f030,Sala Civil,sala_civil,sala,detalle,f029,2,True,,2023,False
31,4.1.1,109,CIUDADES CAPITALES Y EL ALTO,Penal,,False,11,col_11,22,TOTAL,True,Total,total,total,f031,Sala Penal,sala_penal,sala,detalle,f029,2,True,,2023,False
32,4.1.1,109,CIUDADES CAPITALES Y EL ALTO,Social Administrativa,,False,11,col_11,13,TOTAL,True,Total,total,total,f032,Sala Social Administrativa,sala_social_administrativa,sala,detalle,f029,2,True,,2023,False
33,4.1.1,109,CIUDADES CAPITALES Y EL ALTO,"Familia, Niñez y Adolescencia",,False,11,col_11,3,TOTAL,True,Total,total,total,f033,"Sala de Familia, Niñez y Adolescencia",sala_familia_ninez_adolescencia,sala,detalle,f029,2,True,,2023,False
34,4.1.1,109,CIUDADES CAPITALES Y EL ALTO,Constitucionales,,False,11,col_11,22,TOTAL,True,Total,total,total,f034,Sala Constitucional,sala_constitucional,sala,detalle,f029,2,True,,2023,False
35,4.1.1,109,CIUDADES CAPITALES Y EL ALTO,JUZGADOS DISCIPLINARIOS,,False,11,col_11,21,TOTAL,True,Total,total,total,f035,Juzgados Disciplinarios,juzgados_disciplinarios,juzgado,detalle,f037,1,True,,2023,False
36,4.1.1,109,CIUDADES CAPITALES Y EL ALTO,CONCILIADORES,,False,11,col_11,95,TOTAL,True,Total,total,total,f036,Conciliadores,conciliadores,conciliador,detalle,f037,1,True,,2023,False
37,4.1.1,109,CIUDADES CAPITALES Y EL ALTO,TOTAL GENERAL,,False,11,col_11,846,TOTAL,True,Total,total,total,f037,Total general,total_general,otro,total_general,,0,False,,2023,False
7,4.1.2,110,CHUQUISACA,Tomina,Padillla,False,13,col_11,1,CONCILIAD OR,False,Conciliador,conciliador,conciliador,,,,,,,,,Chuquisaca,2023,False
9,4.1.2,110,CHUQUISACA,Tomina,Sopachuy,False,13,col_11,1,CONCILIAD OR,False,Conciliador,conciliador,conciliador,,,,,,,,,Chuquisaca,2023,False
10,4.1.2,110,CHUQUISACA,Hernando Siles Monteagudo,,False,13,col_11,1,CONCILIAD OR,False,Conciliador,conciliador,conciliador,,,,,,,,,Chuquisaca,2023,False
12,4.1.2,110,CHUQUISACA,Yamparaez,Tarabuco,False,13,col_11,1,CONCILIAD OR,False,Conciliador,conciliador,conciliador,,,,,,,,,Chuquisaca,2023,False
13,4.1.2,110,CHUQUISACA,Nor Cinti,Camargo,False,13,col_11,1,CONCILIAD OR,False,Conciliador,conciliador,conciliador,,,,,,,,,Chuquisaca,2023,False
15,4.1.2,110,CHUQUISACA,Nor Cinti,Incahuasi,False,13,col_11,1,CONCILIAD OR,False,Conciliador,conciliador,conciliador,,,,,,,,,Chuquisaca,2023,False
21,4.1.2,110,CHUQUISACA,TOTALES,,False,13,col_11,6,CONCILIAD OR,False,Conciliador,conciliador,conciliador,,,,,,,,,Chuquisaca,2023,False
10,4.1.3,111,LA PAZ,Franz Tamayo,Apolo,False,12,col_11,1,JUZGADO AGROAMBIEN TAL,False,Juzgado Agroambiental,juzgado_agroambiental,organo_judicial,,,,,,,,,La Paz,2023,False
11,4.1.3,111,LA PAZ,Ingavi,Viacha,False,12,col_11,1,JUZGADO AGROAMBIEN TAL,False,Juzgado Agroambiental,juzgado_agroambiental,organo_judicial,,,,,,,,,La Paz,2023,False
16,4.1.3,111,LA PAZ,Inquisivi,Inquisivi,False,12,col_11,1,JUZGADO AGROAMBIEN TAL,False,Juzgado Agroambiental,juzgado_agroambiental,organo_judicial,,,,,,,,,La Paz,2023,False
19,4.1.3,111,LA PAZ,Sud Yungas,Chulumani,False,12,col_11,1,JUZGADO AGROAMBIEN TAL,False,Juzgado Agroambiental,juzgado_agroambiental,organo_judicial,,,,,,,,,La Paz,2023,False
22,4.1.3,111,LA PAZ,Los Andes,Pucarani,False,12,col_11,1,JUZGADO AGROAMBIEN TAL,False,Juzgado Agroambiental,juzgado_agroambiental,organo_judicial,,,,,,,,,La Paz,2023,False
23,4.1.3,111,LA PAZ,Aroma,Sica Sica,False,12,col_11,1,JUZGADO AGROAMBIEN TAL,False,Juzgado Agroambiental,juzgado_agroambiental,organo_judicial,,,,,,,,,La Paz,2023,False
26,4.1.3,111,LA PAZ,Abel Iturralde,Ixiamas,False,12,col_11,1,JUZGADO AGROAMBIEN TAL,False,Juzgado Agroambiental,juzgado_agroambiental,organo_judicial,,,,,,,,,La Paz,2023,False
29,4.1.3,111,LA PAZ,Caranavi,Caranavi,False,12,col_11,1,JUZGADO AGROAMBIEN TAL,False,Juzgado Agroambiental,juzgado_agroambiental,organo_judicial,,,,,,,,,La Paz,2023,False
30,4.1.3,111,LA PAZ,TOTALES,,False,12,col_11,8,JUZGADO AGROAMBIEN TAL,False,Juzgado Agroambiental,juzgado_agroambiental,organo_judicial,,,,,,,,,La Paz,2023,False
16,4.1.4,112,COCHABAMBA,Chapare,Sacaba,False,19,col_11,1,CONCILIADORES JUZGADO PARTIDO MIXTO SENTENCIA,False,Juzgado Partido Mixto Sentencia,juzgado_partido_mixto_sentencia,organo_judicial,,,,,,,,,Cochabamba,2023,False
28,4.1.4,112,COCHABAMBA,TOTALES,,False,19,col_11,1,CONCILIADORES JUZGADO PARTIDO MIXTO SENTENCIA,False,Juzgado Partido Mixto Sentencia,juzgado_partido_mixto_sentencia,organo_judicial,,,,,,,,,Cochabamba,2023,False
2,4.1.6,114,POTOSI,Rafael Bustillos,Uncía,False,12,col_11,1,JUZGADO AGROAMBIEN TAL,False,Juzgado Agroambiental,juzgado_agroambiental,organo_judicial,,,,,,,,,Potosí,2023,False
5,4.1.6,114,POTOSI,Chayanta,Colquechaca,False,12,col_11,1,JUZGADO AGROAMBIEN TAL,False,Juzgado Agroambiental,juzgado_agroambiental,organo_judicial,,,,,,,,,Potosí,2023,False
9,4.1.6,114,POTOSI,Charcas,S.P. De Buena Vista,False,12,col_11,1,JUZGADO AGROAMBIEN TAL,False,Juzgado Agroambiental,juzgado_agroambiental,organo_judicial,,,,,,,,,Potosí,2023,False
11,4.1.6,114,POTOSI,Nor Chichas,Cotagaita,False,12,col_11,1,JUZGADO AGROAMBIEN TAL,False,Juzgado Agroambiental,juzgado_agroambiental,organo_judicial,,,,,,,,,Potosí,2023,False
13,4.1.6,114,POTOSI,Alonso de Ibáñez,Sacaca,False,12,col_11,1,JUZGADO AGROAMBIEN TAL,False,Juzgado Agroambiental,juzgado_agroambiental,organo_judicial,,,,,,,,,Potosí,2023,False
24,4.1.6,114,POTOSI,TOTALES,,False,12,col_11,5,JUZGADO AGROAMBIEN TAL,False,Juzgado Agroambiental,juzgado_agroambiental,organo_judicial,,,,,,,,,Potosí,2023,False
8,4.1.7,115,TARIJA,O&apos; Connor,Entre Ríos,False,16,col_11,1,PROVINCIAS TRIBUNAL DE SENTENCIA CON AMPLIACIO DE COMPETEN CIAS,False,Tribunal de Sentencia con Ampliación de Competencias,tribunal_sentencia_ampliacion_competencias,organo_judicial,,,,,,,,,Tarija,2023,False
9,4.1.7,115,TARIJA,TOTALES,,False,16,col_11,1,PROVINCIAS TRIBUNAL DE SENTENCIA CON AMPLIACIO DE COMPETEN CIAS,False,Tribunal de Sentencia con Ampliación de Competencias,tribunal_sentencia_ampliacion_competencias,organo_judicial,,,,,,,,,Tarija,2023,False
7,4.1.8,116,SANTA CRUZ,Ichilo,Yapacani1,False,18,col_11,1,PROVINCIAS JUZGADO DE SENTENCIA,False,Juzgado de Sentencia,juzgado_sentencia,organo_judicial,,,,,,,,,Santa Cruz,2023,False
15,4.1.8,116,SANTA CRUZ,Cordillera,Camiri2,False,18,col_11,1,PROVINCIAS JUZGADO DE SENTENCIA,False,Juzgado de Sentencia,juzgado_sentencia,organo_judicial,,,,,,,,,Santa Cruz,2023,False
18,4.1.8,116,SANTA CRUZ,Obispo Santiesteban,Montero,False,18,col_11,1,PROVINCIAS JUZGADO DE SENTENCIA,False,Juzgado de Sentencia,juzgado_sentencia,organo_judicial,,,,,,,,,Santa Cruz,2023,False
28,4.1.8,116,SANTA CRUZ,TOTALES,,False,18,col_11,3,PROVINCIAS JUZGADO DE SENTENCIA,False,Juzgado de Sentencia,juzgado_sentencia,organo_judicial,,,,,,,,,Santa Cruz,2023,False
1,4.1.9,117,BENI,Vaca Diez,Riberalta,False,15,col_11,1,TRIBUNAL DE SENTENCIA CON AMPLIACIO DE COMPETEN CIAS,False,Tribunal de Sentencia con Ampliación de Competencias,tribunal_sentencia_ampliacion_competencias,organo_judicial,,,,,,,,,Beni,2023,False
4,4.1.9,117,BENI,Gral. José Ballivián,San Borja,False,15,col_11,1,TRIBUNAL DE SENTENCIA CON AMPLIACIO DE COMPETEN CIAS,False,Tribunal de Sentencia con Ampliación de Competencias,tribunal_sentencia_ampliacion_competencias,organo_judicial,,,,,,,,,Beni,2023,False
6,4.1.9,117,BENI,Yacuma,Santa Ana,False,15,col_11,1,TRIBUNAL DE SENTENCIA CON AMPLIACIO DE COMPETEN CIAS,False,Tribunal de Sentencia con Ampliación de Competencias,tribunal_sentencia_ampliacion_competencias,organo_judicial,,,,,,,,,Beni,2023,False
10,4.1.9,117,BENI,TOTALES,,False,15,col_11,3,TRIBUNAL DE SENTENCIA CON AMPLIACIO DE COMPETEN CIAS,False,Tribunal de Sentencia con Ampliación de Competencias,tribunal_sentencia_ampliacion_competencias,organo_judicial,,,,,,,,,Beni,2023,False
3,4.1.2,110,CHUQUISACA,Azurduy,Azurduy,False,13,col_12,1,JUZGADO AGROAMBIE NTAL,False,Juzgado Agroambiental,juzgado_agroambiental,organo_judicial,,,,,,,,,Chuquisaca,2023,False
7,4.1.2,110,CHUQUISACA,Tomina,Padillla,False,13,col_12,1,JUZGADO AGROAMBIE NTAL,False,Juzgado Agroambiental,juzgado_agroambiental,organo_judicial,,,,,,,,,Chuquisaca,2023,False
10,4.1.2,110,CHUQUISACA,Hernando Siles Monteagudo,,False,13,col_12,1,JUZGADO AGROAMBIE NTAL,False,Juzgado Agroambiental,juzgado_agroambiental,organo_judicial,,,,,,,,,Chuquisaca,2023,False
12,4.1.2,110,CHUQUISACA,Yamparaez,Tarabuco,False,13,col_12,1,JUZGADO AGROAMBIE NTAL,False,Juzgado Agroambiental,juzgado_agroambiental,organo_judicial,,,,,,,,,Chuquisaca,2023,False
13,4.1.2,110,CHUQUISACA,Nor Cinti,Camargo,False,13,col_12,1,JUZGADO AGROAMBIE NTAL,False,Juzgado Agroambiental,juzgado_agroambiental,organo_judicial,,,,,,,,,Chuquisaca,2023,False
14,4.1.2,110,CHUQUISACA,Nor Cinti,San Lucas,False,13,col_12,1,JUZGADO AGROAMBIE NTAL,False,Juzgado Agroambiental,juzgado_agroambiental,organo_judicial,,,,,,,,,Chuquisaca,2023,False
20,4.1.2,110,CHUQUISACA,Luís Calvo,Macharetí,False,13,col_12,1,JUZGADO AGROAMBIE NTAL,False,Juzgado Agroambiental,juzgado_agroambiental,organo_judicial,,,,,,,,,Chuquisaca,2023,False
21,4.1.2,110,CHUQUISACA,TOTALES,,False,13,col_12,7,JUZGADO AGROAMBIE NTAL,False,Juzgado Agroambiental,juzgado_agroambiental,organo_judicial,,,,,,,,,Chuquisaca,2023,False
1,4.1.3,111,LA PAZ,Murillo,Achocalla,False,12,col_12,1,TOTA LES,True,Total,total,total,,,,,,,,,La Paz,2023,False
2,4.1.3,111,LA PAZ,Omasuyos,Achacahi,False,12,col_12,4,TOTA LES,True,Total,total,total,,,,,,,,,La Paz,2023,False
3,4.1.3,111,LA PAZ,Pacajes,Coro Coro,False,12,col_12,2,TOTA LES,True,Total,total,total,,,,,,,,,La Paz,2023,False
4,4.1.3,111,LA PAZ,Camacho,Puerto Acosta,False,12,col_12,1,TOTA LES,True,Total,total,total,,,,,,,,,La Paz,2023,False
5,4.1.3,111,LA PAZ,Camacho,Moco Moco,False,12,col_12,1,TOTA LES,True,Total,total,total,,,,,,,,,La Paz,2023,False
6,4.1.3,111,LA PAZ,Camacho,Puerto Carabuco,False,12,col_12,2,TOTA LES,True,Total,total,total,,,,,,,,,La Paz,2023,False
7,4.1.3,111,LA PAZ,Muñecas,Chuma,False,12,col_12,1,TOTA LES,True,Total,total,total,,,,,,,,,La Paz,2023,False
8,4.1.3,111,LA PAZ,Larecaja,Sorata,False,12,col_12,2,TOTA LES,True,Total,total,total,,,,,,,,,La Paz,2023,False
9,4.1.3,111,LA PAZ,Larecaja,Guanay,False,12,col_12,1,TOTA LES,True,Total,total,total,,,,,,,,,La Paz,2023,False
10,4.1.3,111,LA PAZ,Franz Tamayo,Apolo,False,12,col_12,4,TOTA LES,True,Total,total,total,,,,,,,,,La Paz,2023,False
11,4.1.3,111,LA PAZ,Ingavi,Viacha,False,12,col_12,7,TOTA LES,True,Total,total,total,,,,,,,,,La Paz,2023,False
12,4.1.3,111,LA PAZ,Ingavi,Guaqui,False,12,col_12,2,TOTA LES,True,Total,total,total,,,,,,,,,La Paz,2023,False
13,4.1.3,111,LA PAZ,Ingavi,San Andres de Machaca,False,12,col_12,1,TOTA LES,True,Total,total,total,,,,,,,,,La Paz,2023,False
14,4.1.3,111,LA PAZ,Loayza,Luribay,False,12,col_12,1,TOTA LES,True,Total,total,total,,,,,,,,,La Paz,2023,False
15,4.1.3,111,LA PAZ,Loayza,Sapahaqui,False,12,col_12,1,TOTA LES,True,Total,total,total,,,,,,,,,La Paz,2023,False
16,4.1.3,111,LA PAZ,Inquisivi,Inquisivi,False,12,col_12,2,TOTA LES,True,Total,total,total,,,,,,,,,La Paz,2023,False
17,4.1.3,111,LA PAZ,Inquisivi,Quime,False,12,col_12,1,TOTA LES,True,Total,total,total,,,,,,,,,La Paz,2023,False
18,4.1.3,111,LA PAZ,Inquisivi,Colquiri,False,12,col_12,1,TOTA LES,True,Total,total,total,,,,,,,,,La Paz,2023,False
19,4.1.3,111,LA PAZ,Sud Yungas,Chulumani,False,12,col_12,4,TOTA LES,True,Total,total,total,,,,,,,,,La Paz,2023,False
20,4.1.3,111,LA PAZ,Sud Yungas,Palos Blancos,False,12,col_12,1,TOTA LES,True,Total,total,total,,,,,,,,,La Paz,2023,False
21,4.1.3,111,LA PAZ,Sud Yungas,La Asunta,False,12,col_12,1,TOTA LES,True,Total,total,total,,,,,,,,,La Paz,2023,False
22,4.1.3,111,LA PAZ,Los Andes,Pucarani,False,12,col_12,3,TOTA LES,True,Total,total,total,,,,,,,,,La Paz,2023,False
23,4.1.3,111,LA PAZ,Aroma,Sica Sica,False,12,col_12,4,TOTA LES,True,Total,total,total,,,,,,,,,La Paz,2023,False
24,4.1.3,111,LA PAZ,Aroma,Patacamaya,False,12,col_12,3,TOTA LES,True,Total,total,total,,,,,,,,,La Paz,2023,False
25,4.1.3,111,LA PAZ,Nor Yungas,Coroico,False,12,col_12,2,TOTA LES,True,Total,total,total,,,,,,,,,La Paz,2023,False
26,4.1.3,111,LA PAZ,Abel Iturralde,Ixiamas,False,12,col_12,2,TOTA LES,True,Total,total,total,,,,,,,,,La Paz,2023,False
27,4.1.3,111,LA PAZ,Baptista Saavedra Charazani (Gral. Juan J. P,,False,12,col_12,1,TOTA LES,True,Total,total,total,,,,,,,,,La Paz,2023,False
28,4.1.3,111,LA PAZ,Manco Kapac,Copacabana,False,12,col_12,6,TOTA LES,True,Total,total,total,,,,,,,,,La Paz,2023,False
29,4.1.3,111,LA PAZ,Caranavi,Caranavi,False,12,col_12,7,TOTA LES,True,Total,total,total,,,,,,,,,La Paz,2023,False
30,4.1.3,111,LA PAZ,TOTALES,,False,12,col_12,69,TOTA LES,True,Total,total,total,,,,,,,,,La Paz,2023,False
11,4.1.4,112,COCHABAMBA,Quillacollo,Quillacollo,False,19,col_12,1,EN JUZGADO PARTIDO DEL TRABAJO SEGURIDAD SOCIAL,False,Juzgado de Partido del Trabajo y Seguridad Social,juzgado_partido_trabajo_seguridad_social,organo_judicial,,,,,,,,,Cochabamba,2023,False
16,4.1.4,112,COCHABAMBA,Chapare,Sacaba,False,19,col_12,1,EN JUZGADO PARTIDO DEL TRABAJO SEGURIDAD SOCIAL,False,Juzgado de Partido del Trabajo y Seguridad Social,juzgado_partido_trabajo_seguridad_social,organo_judicial,,,,,,,,,Cochabamba,2023,False
28,4.1.4,112,COCHABAMBA,TOTALES,,False,19,col_12,2,EN JUZGADO PARTIDO DEL TRABAJO SEGURIDAD SOCIAL,False,Juzgado de Partido del Trabajo y Seguridad Social,juzgado_partido_trabajo_seguridad_social,organo_judicial,,,,,,,,,Cochabamba,2023,False
1,4.1.6,114,POTOSI,Tomás Frías,Tinguipaya,False,12,col_12,1,TOTALES,True,Total,total,total,,,,,,,,,Potosí,2023,False
2,4.1.6,114,POTOSI,Rafael Bustillos,Uncía,False,12,col_12,10,TOTALES,True,Total,total,total,,,,,,,,,Potosí,2023,False
3,4.1.6,114,POTOSI,Rafael Bustillos,Llallagua,False,12,col_12,10,TOTALES,True,Total,total,total,,,,,,,,,Potosí,2023,False
4,4.1.6,114,POTOSI,Cornelio Saavedra,Betanzos,False,12,col_12,2,TOTALES,True,Total,total,total,,,,,,,,,Potosí,2023,False
5,4.1.6,114,POTOSI,Chayanta,Colquechaca,False,12,col_12,4,TOTALES,True,Total,total,total,,,,,,,,,Potosí,2023,False
6,4.1.6,114,POTOSI,Chayanta,Ravelo,False,12,col_12,1,TOTALES,True,Total,total,total,,,,,,,,,Potosí,2023,False
7,4.1.6,114,POTOSI,Chayanta,Ocurí,False,12,col_12,1,TOTALES,True,Total,total,total,,,,,,,,,Potosí,2023,False
8,4.1.6,114,POTOSI,Chayanta,Pocoata,False,12,col_12,1,TOTALES,True,Total,total,total,,,,,,,,,Potosí,2023,False
9,4.1.6,114,POTOSI,Charcas,S.P. De Buena Vista,False,12,col_12,4,TOTALES,True,Total,total,total,,,,,,,,,Potosí,2023,False
10,4.1.6,114,POTOSI,Charcas,Toro Toro,False,12,col_12,1,TOTALES,True,Total,total,total,,,,,,,,,Potosí,2023,False
11,4.1.6,114,POTOSI,Nor Chichas,Cotagaita,False,12,col_12,4,TOTALES,True,Total,total,total,,,,,,,,,Potosí,2023,False
12,4.1.6,114,POTOSI,Nor Chichas,Vitichi,False,12,col_12,1,TOTALES,True,Total,total,total,,,,,,,,,Potosí,2023,False
13,4.1.6,114,POTOSI,Alonso de Ibáñez,Sacaca,False,12,col_12,2,TOTALES,True,Total,total,total,,,,,,,,,Potosí,2023,False
14,4.1.6,114,POTOSI,Sud Chichas,Tupiza,False,12,col_12,10,TOTALES,True,Total,total,total,,,,,,,,,Potosí,2023,False
15,4.1.6,114,POTOSI,Sud Chichas,Atocha,False,12,col_12,2,TOTALES,True,Total,total,total,,,,,,,,,Potosí,2023,False
16,4.1.6,114,POTOSI,Nor Lípez,Colcha &quot;K&quot;,False,12,col_12,1,TOTALES,True,Total,total,total,,,,,,,,,Potosí,2023,False
17,4.1.6,114,POTOSI,José María Linares,Puna,False,12,col_12,2,TOTALES,True,Total,total,total,,,,,,,,,Potosí,2023,False
18,4.1.6,114,POTOSI,José María Linares,Caiza &quot;D&quot;,False,12,col_12,1,TOTALES,True,Total,total,total,,,,,,,,,Potosí,2023,False
19,4.1.6,114,POTOSI,Quijarro,Uyuni,False,12,col_12,9,TOTALES,True,Total,total,total,,,,,,,,,Potosí,2023,False
20,4.1.6,114,POTOSI,Quijarro,Porco,False,12,col_12,1,TOTALES,True,Total,total,total,,,,,,,,,Potosí,2023,False
21,4.1.6,114,POTOSI,Gral. Bernardino BilbaoArampampa,,False,12,col_12,1,TOTALES,True,Total,total,total,,,,,,,,,Potosí,2023,False
22,4.1.6,114,POTOSI,Gral. Bernardino BilbaoAcasio,,False,12,col_12,1,TOTALES,True,Total,total,total,,,,,,,,,Potosí,2023,False
23,4.1.6,114,POTOSI,Modesto Omiste,Villazón,False,12,col_12,9,TOTALES,True,Total,total,total,,,,,,,,,Potosí,2023,False
24,4.1.6,114,POTOSI,TOTALES,,False,12,col_12,79,TOTALES,True,Total,total,total,,,,,,,,,Potosí,2023,False
2,4.1.7,115,TARIJA,Aniceto Arce,Bermejo,False,16,col_12,1,TRIBUNAL DE SENTENCIA,False,Tribunal de Sentencia,tribunal_sentencia,organo_judicial,,,,,,,,,Tarija,2023,False
3,4.1.7,115,TARIJA,Gran Chaco,Yacuiba,False,16,col_12,1,TRIBUNAL DE SENTENCIA,False,Tribunal de Sentencia,tribunal_sentencia,organo_judicial,,,,,,,,,Tarija,2023,False
4,4.1.7,115,TARIJA,Gran Chaco,Villamontes,False,16,col_12,1,TRIBUNAL DE SENTENCIA,False,Tribunal de Sentencia,tribunal_sentencia,organo_judicial,,,,,,,,,Tarija,2023,False
9,4.1.7,115,TARIJA,TOTALES,,False,16,col_12,3,TRIBUNAL DE SENTENCIA,False,Tribunal de Sentencia,tribunal_sentencia,organo_judicial,,,,,,,,,Tarija,2023,False
15,4.1.8,116,SANTA CRUZ,Cordillera,Camiri2,False,18,col_12,1,JUZGADO DE PARTIDO DEL TRABAJO SS E INSTRUCCI PENAL,False,Juzgado de Partido del Trabajo y SS e Instrucción Penal,juzgado_partido_trabajo_ss_instruccion_penal,organo_judicial,,,,,,,,,Santa Cruz,2023,False
28,4.1.8,116,SANTA CRUZ,TOTALES,,False,18,col_12,1,JUZGADO DE PARTIDO DEL TRABAJO SS E INSTRUCCI PENAL,False,Juzgado de Partido del Trabajo y SS e Instrucción Penal,juzgado_partido_trabajo_ss_instruccion_penal,organo_judicial,,,,,,,,,Santa Cruz,2023,False
2,4.1.9,117,BENI,Vaca Diez,Guayaramerín,False,15,col_12,1,TRIBUNAL DE SENTENCIA (Nominal),False,Tribunal de Sentencia (Nominal),tribunal_sentencia_nominal,organo_judicial,,,,,,,,,Beni,2023,False
10,4.1.9,117,BENI,TOTALES,,False,15,col_12,1,TRIBUNAL DE SENTENCIA (Nominal),False,Tribunal de Sentencia (Nominal),tribunal_sentencia_nominal,organo_judicial,,,,,,,,,Beni,2023,False
1,4.1.2,110,CHUQUISACA,Oropeza,Yotala,False,13,col_13,1,TOTALES 62,True,Total,total,total,,,,,,,,,Chuquisaca,2023,False
2,4.1.2,110,CHUQUISACA,Oropeza,Poroma,False,13,col_13,1,TOTALES 62,True,Total,total,total,,,,,,,,,Chuquisaca,2023,False
3,4.1.2,110,CHUQUISACA,Azurduy,Azurduy,False,13,col_13,2,TOTALES 62,True,Total,total,total,,,,,,,,,Chuquisaca,2023,False
4,4.1.2,110,CHUQUISACA,Azurduy,Tarvita,False,13,col_13,1,TOTALES 62,True,Total,total,total,,,,,,,,,Chuquisaca,2023,False
5,4.1.2,110,CHUQUISACA,Zudañez,Zudañez,False,13,col_13,1,TOTALES 62,True,Total,total,total,,,,,,,,,Chuquisaca,2023,False
6,4.1.2,110,CHUQUISACA,Zudañez,Redención Pampa,False,13,col_13,1,TOTALES 62,True,Total,total,total,,,,,,,,,Chuquisaca,2023,False
7,4.1.2,110,CHUQUISACA,Tomina,Padillla,False,13,col_13,8,TOTALES 62,True,Total,total,total,,,,,,,,,Chuquisaca,2023,False
8,4.1.2,110,CHUQUISACA,Tomina,Tomina,False,13,col_13,1,TOTALES 62,True,Total,total,total,,,,,,,,,Chuquisaca,2023,False
9,4.1.2,110,CHUQUISACA,Tomina,Sopachuy,False,13,col_13,2,TOTALES 62,True,Total,total,total,,,,,,,,,Chuquisaca,2023,False
10,4.1.2,110,CHUQUISACA,Hernando Siles Monteagudo,,False,13,col_13,10,TOTALES 62,True,Total,total,total,,,,,,,,,Chuquisaca,2023,False
11,4.1.2,110,CHUQUISACA,Hernando Siles Huacareta,,False,13,col_13,1,TOTALES 62,True,Total,total,total,,,,,,,,,Chuquisaca,2023,False
12,4.1.2,110,CHUQUISACA,Yamparaez,Tarabuco,False,13,col_13,4,TOTALES 62,True,Total,total,total,,,,,,,,,Chuquisaca,2023,False
13,4.1.2,110,CHUQUISACA,Nor Cinti,Camargo,False,13,col_13,7,TOTALES 62,True,Total,total,total,,,,,,,,,Chuquisaca,2023,False
14,4.1.2,110,CHUQUISACA,Nor Cinti,San Lucas,False,13,col_13,3,TOTALES 62,True,Total,total,total,,,,,,,,,Chuquisaca,2023,False
15,4.1.2,110,CHUQUISACA,Nor Cinti,Incahuasi,False,13,col_13,3,TOTALES 62,True,Total,total,total,,,,,,,,,Chuquisaca,2023,False
16,4.1.2,110,CHUQUISACA,Belisario Boeto Villa Serrano,,False,13,col_13,1,TOTALES 62,True,Total,total,total,,,,,,,,,Chuquisaca,2023,False
17,4.1.2,110,CHUQUISACA,Sud Cinti,Villa Abecia (Camataqui),False,13,col_13,1,TOTALES 62,True,Total,total,total,,,,,,,,,Chuquisaca,2023,False
18,4.1.2,110,CHUQUISACA,Sud Cinti,Culpina,False,13,col_13,1,TOTALES 62,True,Total,total,total,,,,,,,,,Chuquisaca,2023,False
19,4.1.2,110,CHUQUISACA,Luís Calvo,Muyupampa (Villa Vaca,False,13,col_13,2,TOTALES 62,True,Total,total,total,,,,,,,,,Chuquisaca,2023,False
20,4.1.2,110,CHUQUISACA,Luís Calvo,Macharetí,False,13,col_13,2,TOTALES 62,True,Total,total,total,,,,,,,,,Chuquisaca,2023,False
21,4.1.2,110,CHUQUISACA,TOTALES,,False,13,col_13,53,TOTALES 62,True,Total,total,total,,,,,,,,,Chuquisaca,2023,False
11,4.1.4,112,COCHABAMBA,Quillacollo,Quillacollo,False,19,col_13,4,PROVINCIAS JUZGADO SENTENCIA,False,Juzgado de Sentencia,juzgado_sentencia,organo_judicial,,,,,,,,,Cochabamba,2023,False
16,4.1.4,112,COCHABAMBA,Chapare,Sacaba,False,19,col_13,1,PROVINCIAS JUZGADO SENTENCIA,False,Juzgado de Sentencia,juzgado_sentencia,organo_judicial,,,,,,,,,Cochabamba,2023,False
17,4.1.4,112,COCHABAMBA,Chapare,Villa Tunari,False,19,col_13,1,PROVINCIAS JUZGADO SENTENCIA,False,Juzgado de Sentencia,juzgado_sentencia,organo_judicial,,,,,,,,,Cochabamba,2023,False
28,4.1.4,112,COCHABAMBA,TOTALES,,False,19,col_13,6,PROVINCIAS JUZGADO SENTENCIA,False,Juzgado de Sentencia,juzgado_sentencia,organo_judicial,,,,,,,,,Cochabamba,2023,False
3,4.1.7,115,TARIJA,Gran Chaco,Yacuiba,False,16,col_13,1,EJECUC IÓN PENAL,False,Ejecución Penal,ejecucion_penal,organo_judicial,,,,,,,,,Tarija,2023,False
9,4.1.7,115,TARIJA,TOTALES,,False,16,col_13,1,EJECUC IÓN PENAL,False,Ejecución Penal,ejecucion_penal,organo_judicial,,,,,,,,,Tarija,2023,False
16,4.1.8,116,SANTA CRUZ,Vallegrande,Vallegrande,False,18,col_13,1,TRIBUNAL DE SENTENCIA CON AMPLIACIO DE COMPETEN CIAS,False,Tribunal de Sentencia con Ampliación de Competencias,tribunal_sentencia_ampliacion_competencias,organo_judicial,,,,,,,,,Santa Cruz,2023,False
26,4.1.8,116,SANTA CRUZ,German Bush,Puerto Suárez3,False,18,col_13,1,TRIBUNAL DE SENTENCIA CON AMPLIACIO DE COMPETEN CIAS,False,Tribunal de Sentencia con Ampliación de Competencias,tribunal_sentencia_ampliacion_competencias,organo_judicial,,,,,,,,,Santa Cruz,2023,False
28,4.1.8,116,SANTA CRUZ,TOTALES,,False,18,col_13,2,TRIBUNAL DE SENTENCIA CON AMPLIACIO DE COMPETEN CIAS,False,Tribunal de Sentencia con Ampliación de Competencias,tribunal_sentencia_ampliacion_competencias,organo_judicial,,,,,,,,,Santa Cruz,2023,False
1,4.1.9,117,BENI,Vaca Diez,Riberalta,False,15,col_13,1,CONCILI ADOR,False,Conciliador,conciliador,conciliador,,,,,,,,,Beni,2023,False
2,4.1.9,117,BENI,Vaca Diez,Guayaramerín,False,15,col_13,1,CONCILI ADOR,False,Conciliador,conciliador,conciliador,,,,,,,,,Beni,2023,False
5,4.1.9,117,BENI,Gral. José Ballivián,Rurrenabaque,False,15,col_13,1,CONCILI ADOR,False,Conciliador,conciliador,conciliador,,,,,,,,,Beni,2023,False
6,4.1.9,117,BENI,Yacuma,Santa Ana,False,15,col_13,1,CONCILI ADOR,False,Conciliador,conciliador,conciliador,,,,,,,,,Beni,2023,False
10,4.1.9,117,BENI,TOTALES,,False,15,col_13,4,CONCILI ADOR,False,Conciliador,conciliador,conciliador,,,,,,,,,Beni,2023,False
25,4.1.4,112,COCHABAMBA,Punata,Punata,False,19,col_14,3,"JUZGADO SENTENCI A, PUBLICO, TRABAJO JUEZ TÉCNICO",False,"Juzgado Sentencia, Público, Trabajo y Juez Técnico",juzgado_sentencia_publico_trabajo_juez_tecnico,organo_judicial,,,,,,,,,Cochabamba,2023,False
28,4.1.4,112,COCHABAMBA,TOTALES,,False,19,col_14,3,"JUZGADO SENTENCI A, PUBLICO, TRABAJO JUEZ TÉCNICO",False,"Juzgado Sentencia, Público, Trabajo y Juez Técnico",juzgado_sentencia_publico_trabajo_juez_tecnico,organo_judicial,,,,,,,,,Cochabamba,2023,False
2,4.1.7,115,TARIJA,Aniceto Arce,Bermejo,False,16,col_14,1,CONCILI ADOR,False,Conciliador,conciliador,conciliador,,,,,,,,,Tarija,2023,False
3,4.1.7,115,TARIJA,Gran Chaco,Yacuiba,False,16,col_14,2,CONCILI ADOR,False,Conciliador,conciliador,conciliador,,,,,,,,,Tarija,2023,False
4,4.1.7,115,TARIJA,Gran Chaco,Villamontes,False,16,col_14,1,CONCILI ADOR,False,Conciliador,conciliador,conciliador,,,,,,,,,Tarija,2023,False
9,4.1.7,115,TARIJA,TOTALES,,False,16,col_14,4,CONCILI ADOR,False,Conciliador,conciliador,conciliador,,,,,,,,,Tarija,2023,False
6,4.1.8,116,SANTA CRUZ,Ichilo,Buena Vista,False,18,col_14,1,TRIBUNA DE SENTENC IA,False,Tribunal de Sentencia,tribunal_sentencia,organo_judicial,,,,,,,,,Santa Cruz,2023,False
15,4.1.8,116,SANTA CRUZ,Cordillera,Camiri2,False,18,col_14,1,TRIBUNA DE SENTENC IA,False,Tribunal de Sentencia,tribunal_sentencia,organo_judicial,,,,,,,,,Santa Cruz,2023,False
18,4.1.8,116,SANTA CRUZ,Obispo Santiesteban,Montero,False,18,col_14,1,TRIBUNA DE SENTENC IA,False,Tribunal de Sentencia,tribunal_sentencia,organo_judicial,,,,,,,,,Santa Cruz,2023,False
20,4.1.8,116,SANTA CRUZ,Ñuflo de Chávez,Concepción,False,18,col_14,1,TRIBUNA DE SENTENC IA,False,Tribunal de Sentencia,tribunal_sentencia,organo_judicial,,,,,,,,,Santa Cruz,2023,False
28,4.1.8,116,SANTA CRUZ,TOTALES,,False,18,col_14,4,TRIBUNA DE SENTENC IA,False,Tribunal de Sentencia,tribunal_sentencia,organo_judicial,,,,,,,,,Santa Cruz,2023,False
1,4.1.9,117,BENI,Vaca Diez,Riberalta,False,15,col_14,1,JUZGADO AGROAM BIENTAL,False,Juzgado Agroambiental,juzgado_agroambiental,organo_judicial,,,,,,,,,Beni,2023,False
4,4.1.9,117,BENI,Gral. José Ballivián,San Borja,False,15,col_14,1,JUZGADO AGROAM BIENTAL,False,Juzgado Agroambiental,juzgado_agroambiental,organo_judicial,,,,,,,,,Beni,2023,False
6,4.1.9,117,BENI,Yacuma,Santa Ana,False,15,col_14,1,JUZGADO AGROAM BIENTAL,False,Juzgado Agroambiental,juzgado_agroambiental,organo_judicial,,,,,,,,,Beni,2023,False
7,4.1.9,117,BENI,Moxos,San Ignacio,False,15,col_14,1,JUZGADO AGROAM BIENTAL,False,Juzgado Agroambiental,juzgado_agroambiental,organo_judicial,,,,,,,,,Beni,2023,False
8,4.1.9,117,BENI,Mamoré,San Joaquín,False,15,col_14,1,JUZGADO AGROAM BIENTAL,False,Juzgado Agroambiental,juzgado_agroambiental,organo_judicial,,,,,,,,,Beni,2023,False
9,4.1.9,117,BENI,Iténez,Magdalena,False,15,col_14,1,JUZGADO AGROAM BIENTAL,False,Juzgado Agroambiental,juzgado_agroambiental,organo_judicial,,,,,,,,,Beni,2023,False
10,4.1.9,117,BENI,TOTALES,,False,15,col_14,6,JUZGADO AGROAM BIENTAL,False,Juzgado Agroambiental,juzgado_agroambiental,organo_judicial,,,,,,,,,Beni,2023,False
1,4.1.4,112,COCHABAMBA,Campero,Aiquile,False,19,col_15,1,TRIBUNAL DE SENTENCIA CON AMPLIACIO DE COMPETEN CIAS,False,Tribunal de Sentencia con Ampliación de Competencias,tribunal_sentencia_ampliacion_competencias,organo_judicial,,,,,,,,,Cochabamba,2023,False
22,4.1.4,112,COCHABAMBA,Carrasco,Ivirgarzama,False,19,col_15,1,TRIBUNAL DE SENTENCIA CON AMPLIACIO DE COMPETEN CIAS,False,Tribunal de Sentencia con Ampliación de Competencias,tribunal_sentencia_ampliacion_competencias,organo_judicial,,,,,,,,,Cochabamba,2023,False
28,4.1.4,112,COCHABAMBA,TOTALES,,False,19,col_15,2,TRIBUNAL DE SENTENCIA CON AMPLIACIO DE COMPETEN CIAS,False,Tribunal de Sentencia con Ampliación de Competencias,tribunal_sentencia_ampliacion_competencias,organo_judicial,,,,,,,,,Cochabamba,2023,False
2,4.1.7,115,TARIJA,Aniceto Arce,Bermejo,False,16,col_15,1,JUZGADO AGROAMBI ENTAL,False,Juzgado Agroambiental,juzgado_agroambiental,organo_judicial,,,,,,,,,Tarija,2023,False
3,4.1.7,115,TARIJA,Gran Chaco,Yacuiba,False,16,col_15,1,JUZGADO AGROAMBI ENTAL,False,Juzgado Agroambiental,juzgado_agroambiental,organo_judicial,,,,,,,,,Tarija,2023,False
4,4.1.7,115,TARIJA,Gran Chaco,Villamontes,False,16,col_15,1,JUZGADO AGROAMBI ENTAL,False,Juzgado Agroambiental,juzgado_agroambiental,organo_judicial,,,,,,,,,Tarija,2023,False
6,4.1.7,115,TARIJA,Avilés,(Uriondo),False,16,col_15,1,JUZGADO AGROAMBI ENTAL,False,Juzgado Agroambiental,juzgado_agroambiental,organo_judicial,,,,,,,,,Tarija,2023,False
7,4.1.7,115,TARIJA,Méndez,San Lorenzo,False,16,col_15,1,JUZGADO AGROAMBI ENTAL,False,Juzgado Agroambiental,juzgado_agroambiental,organo_judicial,,,,,,,,,Tarija,2023,False
8,4.1.7,115,TARIJA,O&apos; Connor,Entre Ríos,False,16,col_15,1,JUZGADO AGROAMBI ENTAL,False,Juzgado Agroambiental,juzgado_agroambiental,organo_judicial,,,,,,,,,Tarija,2023,False
9,4.1.7,115,TARIJA,TOTALES,,False,16,col_15,6,JUZGADO AGROAMBI ENTAL,False,Juzgado Agroambiental,juzgado_agroambiental,organo_judicial,,,,,,,,,Tarija,2023,False
18,4.1.8,116,SANTA CRUZ,Obispo Santiesteban,Montero,False,18,col_15,1,EJECUCIÓ PENAL,False,Ejecución Penal,ejecucion_penal,organo_judicial,,,,,,,,,Santa Cruz,2023,False
28,4.1.8,116,SANTA CRUZ,TOTALES,,False,18,col_15,1,EJECUCIÓ PENAL,False,Ejecución Penal,ejecucion_penal,organo_judicial,,,,,,,,,Santa Cruz,2023,False
1,4.1.9,117,BENI,Vaca Diez,Riberalta,False,15,col_15,12,TOTALES,True,Total,total,total,,,,,,,,,Beni,2023,False
2,4.1.9,117,BENI,Vaca Diez,Guayaramerín,False,15,col_15,10,TOTALES,True,Total,total,total,,,,,,,,,Beni,2023,False
3,4.1.9,117,BENI,Gral. José Ballivián,Reyes,False,15,col_15,1,TOTALES,True,Total,total,total,,,,,,,,,Beni,2023,False
4,4.1.9,117,BENI,Gral. José Ballivián,San Borja,False,15,col_15,4,TOTALES,True,Total,total,total,,,,,,,,,Beni,2023,False
5,4.1.9,117,BENI,Gral. José Ballivián,Rurrenabaque,False,15,col_15,2,TOTALES,True,Total,total,total,,,,,,,,,Beni,2023,False
6,4.1.9,117,BENI,Yacuma,Santa Ana,False,15,col_15,5,TOTALES,True,Total,total,total,,,,,,,,,Beni,2023,False
7,4.1.9,117,BENI,Moxos,San Ignacio,False,15,col_15,2,TOTALES,True,Total,total,total,,,,,,,,,Beni,2023,False
8,4.1.9,117,BENI,Mamoré,San Joaquín,False,15,col_15,2,TOTALES,True,Total,total,total,,,,,,,,,Beni,2023,False
9,4.1.9,117,BENI,Iténez,Magdalena,False,15,col_15,2,TOTALES,True,Total,total,total,,,,,,,,,Beni,2023,False
10,4.1.9,117,BENI,TOTALES,,False,15,col_15,40,TOTALES,True,Total,total,total,,,,,,,,,Beni,2023,False
11,4.1.4,112,COCHABAMBA,Quillacollo,Quillacollo,False,19,col_16,2,TRIBUNAL DE SENTENCIA,False,Tribunal de Sentencia,tribunal_sentencia,organo_judicial,,,,,,,,,Cochabamba,2023,False
16,4.1.4,112,COCHABAMBA,Chapare,Sacaba,False,19,col_16,1,TRIBUNAL DE SENTENCIA,False,Tribunal de Sentencia,tribunal_sentencia,organo_judicial,,,,,,,,,Cochabamba,2023,False
17,4.1.4,112,COCHABAMBA,Chapare,Villa Tunari,False,19,col_16,1,TRIBUNAL DE SENTENCIA,False,Tribunal de Sentencia,tribunal_sentencia,organo_judicial,,,,,,,,,Cochabamba,2023,False
25,4.1.4,112,COCHABAMBA,Punata,Punata,False,19,col_16,1,TRIBUNAL DE SENTENCIA,False,Tribunal de Sentencia,tribunal_sentencia,organo_judicial,,,,,,,,,Cochabamba,2023,False
28,4.1.4,112,COCHABAMBA,TOTALES,,False,19,col_16,5,TRIBUNAL DE SENTENCIA,False,Tribunal de Sentencia,tribunal_sentencia,organo_judicial,,,,,,,,,Cochabamba,2023,False
1,4.1.7,115,TARIJA,Aniceto Arce,Padcaya,False,16,col_16,1,TOTALES,True,Total,total,total,,,,,,,,,Tarija,2023,False
2,4.1.7,115,TARIJA,Aniceto Arce,Bermejo,False,16,col_16,12,TOTALES,True,Total,total,total,,,,,,,,,Tarija,2023,False
3,4.1.7,115,TARIJA,Gran Chaco,Yacuiba,False,16,col_16,19,TOTALES,True,Total,total,total,,,,,,,,,Tarija,2023,False
4,4.1.7,115,TARIJA,Gran Chaco,Villamontes,False,16,col_16,10,TOTALES,True,Total,total,total,,,,,,,,,Tarija,2023,False
5,4.1.7,115,TARIJA,Gran Chaco,Carapari,False,16,col_16,1,TOTALES,True,Total,total,total,,,,,,,,,Tarija,2023,False
6,4.1.7,115,TARIJA,Avilés,(Uriondo),False,16,col_16,2,TOTALES,True,Total,total,total,,,,,,,,,Tarija,2023,False
7,4.1.7,115,TARIJA,Méndez,San Lorenzo,False,16,col_16,2,TOTALES,True,Total,total,total,,,,,,,,,Tarija,2023,False
8,4.1.7,115,TARIJA,O&apos; Connor,Entre Ríos,False,16,col_16,3,TOTALES,True,Total,total,total,,,,,,,,,Tarija,2023,False
9,4.1.7,115,TARIJA,TOTALES,,False,16,col_16,50,TOTALES,True,Total,total,total,,,,,,,,,Tarija,2023,False
2,4.1.8,116,SANTA CRUZ,Andrés Ibáñez,La Guardia,False,18,col_16,1,CONCILIA DOR,False,Conciliador,conciliador,conciliador,,,,,,,,,Santa Cruz,2023,False
5,4.1.8,116,SANTA CRUZ,Velasco,San Ignacio,False,18,col_16,1,CONCILIA DOR,False,Conciliador,conciliador,conciliador,,,,,,,,,Santa Cruz,2023,False
7,4.1.8,116,SANTA CRUZ,Ichilo,Yapacani1,False,18,col_16,1,CONCILIA DOR,False,Conciliador,conciliador,conciliador,,,,,,,,,Santa Cruz,2023,False
8,4.1.8,116,SANTA CRUZ,Chiquitos,San José,False,18,col_16,1,CONCILIA DOR,False,Conciliador,conciliador,conciliador,,,,,,,,,Santa Cruz,2023,False
15,4.1.8,116,SANTA CRUZ,Cordillera,Camiri2,False,18,col_16,2,CONCILIA DOR,False,Conciliador,conciliador,conciliador,,,,,,,,,Santa Cruz,2023,False
16,4.1.8,116,SANTA CRUZ,Vallegrande,Vallegrande,False,18,col_16,1,CONCILIA DOR,False,Conciliador,conciliador,conciliador,,,,,,,,,Santa Cruz,2023,False
18,4.1.8,116,SANTA CRUZ,Obispo Santiesteban,Montero,False,18,col_16,2,CONCILIA DOR,False,Conciliador,conciliador,conciliador,,,,,,,,,Santa Cruz,2023,False
20,4.1.8,116,SANTA CRUZ,Ñuflo de Chávez,Concepción,False,18,col_16,1,CONCILIA DOR,False,Conciliador,conciliador,conciliador,,,,,,,,,Santa Cruz,2023,False
21,4.1.8,116,SANTA CRUZ,Ñuflo de Chávez,San Julián,False,18,col_16,1,CONCILIA DOR,False,Conciliador,conciliador,conciliador,,,,,,,,,Santa Cruz,2023,False
24,4.1.8,116,SANTA CRUZ,Manuel María Caballero,Comarapa,False,18,col_16,1,CONCILIA DOR,False,Conciliador,conciliador,conciliador,,,,,,,,,Santa Cruz,2023,False
26,4.1.8,116,SANTA CRUZ,German Bush,Puerto Suárez3,False,18,col_16,1,CONCILIA DOR,False,Conciliador,conciliador,conciliador,,,,,,,,,Santa Cruz,2023,False
28,4.1.8,116,SANTA CRUZ,TOTALES,,False,18,col_16,13,CONCILIA DOR,False,Conciliador,conciliador,conciliador,,,,,,,,,Santa Cruz,2023,False
1,4.1.4,112,COCHABAMBA,Campero,Aiquile,False,19,col_17,1,CONCILI ADOR,False,Conciliador,conciliador,conciliador,,,,,,,,,Cochabamba,2023,False
2,4.1.4,112,COCHABAMBA,Ayopaya,Independencia,False,19,col_17,1,CONCILI ADOR,False,Conciliador,conciliador,conciliador,,,,,,,,,Cochabamba,2023,False
10,4.1.4,112,COCHABAMBA,German Jordán Cliza,,False,19,col_17,1,CONCILI ADOR,False,Conciliador,conciliador,conciliador,,,,,,,,,Cochabamba,2023,False
11,4.1.4,112,COCHABAMBA,Quillacollo,Quillacollo,False,19,col_17,3,CONCILI ADOR,False,Conciliador,conciliador,conciliador,,,,,,,,,Cochabamba,2023,False
14,4.1.4,112,COCHABAMBA,Quillacollo,Tiquipaya,False,19,col_17,1,CONCILI ADOR,False,Conciliador,conciliador,conciliador,,,,,,,,,Cochabamba,2023,False
15,4.1.4,112,COCHABAMBA,Quillacollo,Vinto,False,19,col_17,1,CONCILI ADOR,False,Conciliador,conciliador,conciliador,,,,,,,,,Cochabamba,2023,False
16,4.1.4,112,COCHABAMBA,Chapare,Sacaba,False,19,col_17,2,CONCILI ADOR,False,Conciliador,conciliador,conciliador,,,,,,,,,Cochabamba,2023,False
17,4.1.4,112,COCHABAMBA,Chapare,Villa Tunari,False,19,col_17,1,CONCILI ADOR,False,Conciliador,conciliador,conciliador,,,,,,,,,Cochabamba,2023,False
22,4.1.4,112,COCHABAMBA,Carrasco,Ivirgarzama,False,19,col_17,1,CONCILI ADOR,False,Conciliador,conciliador,conciliador,,,,,,,,,Cochabamba,2023,False
25,4.1.4,112,COCHABAMBA,Punata,Punata,False,19,col_17,1,CONCILI ADOR,False,Conciliador,conciliador,conciliador,,,,,,,,,Cochabamba,2023,False
28,4.1.4,112,COCHABAMBA,TOTALES,,False,19,col_17,13,CONCILI ADOR,False,Conciliador,conciliador,conciliador,,,,,,,,,Cochabamba,2023,False
5,4.1.8,116,SANTA CRUZ,Velasco,San Ignacio,False,18,col_17,1,JUZGADO AGROAMBI ENTAL,False,Juzgado Agroambiental,juzgado_agroambiental,organo_judicial,,,,,,,,,Santa Cruz,2023,False
7,4.1.8,116,SANTA CRUZ,Ichilo,Yapacani1,False,18,col_17,1,JUZGADO AGROAMBI ENTAL,False,Juzgado Agroambiental,juzgado_agroambiental,organo_judicial,,,,,,,,,Santa Cruz,2023,False
9,4.1.8,116,SANTA CRUZ,Chiquitos,Pailón,False,18,col_17,1,JUZGADO AGROAMBI ENTAL,False,Juzgado Agroambiental,juzgado_agroambiental,organo_judicial,,,,,,,,,Santa Cruz,2023,False
10,4.1.8,116,SANTA CRUZ,Chiquitos,Roboré,False,18,col_17,1,JUZGADO AGROAMBI ENTAL,False,Juzgado Agroambiental,juzgado_agroambiental,organo_judicial,,,,,,,,,Santa Cruz,2023,False
15,4.1.8,116,SANTA CRUZ,Cordillera,Camiri2,False,18,col_17,1,JUZGADO AGROAMBI ENTAL,False,Juzgado Agroambiental,juzgado_agroambiental,organo_judicial,,,,,,,,,Santa Cruz,2023,False
16,4.1.8,116,SANTA CRUZ,Vallegrande,Vallegrande,False,18,col_17,1,JUZGADO AGROAMBI ENTAL,False,Juzgado Agroambiental,juzgado_agroambiental,organo_judicial,,,,,,,,,Santa Cruz,2023,False
17,4.1.8,116,SANTA CRUZ,Florida,Samaipata,False,18,col_17,1,JUZGADO AGROAMBI ENTAL,False,Juzgado Agroambiental,juzgado_agroambiental,organo_judicial,,,,,,,,,Santa Cruz,2023,False
18,4.1.8,116,SANTA CRUZ,Obispo Santiesteban,Montero,False,18,col_17,1,JUZGADO AGROAMBI ENTAL,False,Juzgado Agroambiental,juzgado_agroambiental,organo_judicial,,,,,,,,,Santa Cruz,2023,False
20,4.1.8,116,SANTA CRUZ,Ñuflo de Chávez,Concepción,False,18,col_17,1,JUZGADO AGROAMBI ENTAL,False,Juzgado Agroambiental,juzgado_agroambiental,organo_judicial,,,,,,,,,Santa Cruz,2023,False
28,4.1.8,116,SANTA CRUZ,TOTALES,,False,18,col_17,9,JUZGADO AGROAMBI ENTAL,False,Juzgado Agroambiental,juzgado_agroambiental,organo_judicial,,,,,,,,,Santa Cruz,2023,False
1,4.1.4,112,COCHABAMBA,Campero,Aiquile,False,19,col_18,1,JUZGAD O AGROA MBIENT AL,False,Juzgado Agroambiental,juzgado_agroambiental,organo_judicial,,,,,,,,,Cochabamba,2023,False
2,4.1.4,112,COCHABAMBA,Ayopaya,Independencia,False,19,col_18,1,JUZGAD O AGROA MBIENT AL,False,Juzgado Agroambiental,juzgado_agroambiental,organo_judicial,,,,,,,,,Cochabamba,2023,False
11,4.1.4,112,COCHABAMBA,Quillacollo,Quillacollo,False,19,col_18,1,JUZGAD O AGROA MBIENT AL,False,Juzgado Agroambiental,juzgado_agroambiental,organo_judicial,,,,,,,,,Cochabamba,2023,False
16,4.1.4,112,COCHABAMBA,Chapare,Sacaba,False,19,col_18,1,JUZGAD O AGROA MBIENT AL,False,Juzgado Agroambiental,juzgado_agroambiental,organo_judicial,,,,,,,,,Cochabamba,2023,False
17,4.1.4,112,COCHABAMBA,Chapare,Villa Tunari,False,19,col_18,1,JUZGAD O AGROA MBIENT AL,False,Juzgado Agroambiental,juzgado_agroambiental,organo_judicial,,,,,,,,,Cochabamba,2023,False
22,4.1.4,112,COCHABAMBA,Carrasco,Ivirgarzama,False,19,col_18,1,JUZGAD O AGROA MBIENT AL,False,Juzgado Agroambiental,juzgado_agroambiental,organo_judicial,,,,,,,,,Cochabamba,2023,False
23,4.1.4,112,COCHABAMBA,Carrasco,Entre Rios,False,19,col_18,1,JUZGAD O AGROA MBIENT AL,False,Juzgado Agroambiental,juzgado_agroambiental,organo_judicial,,,,,,,,,Cochabamba,2023,False
25,4.1.4,112,COCHABAMBA,Punata,Punata,False,19,col_18,1,JUZGAD O AGROA MBIENT AL,False,Juzgado Agroambiental,juzgado_agroambiental,organo_judicial,,,,,,,,,Cochabamba,2023,False
28,4.1.4,112,COCHABAMBA,TOTALES,,False,19,col_18,8,JUZGAD O AGROA MBIENT AL,False,Juzgado Agroambiental,juzgado_agroambiental,organo_judicial,,,,,,,,,Cochabamba,2023,False
1,4.1.8,116,SANTA CRUZ,Andrés Ibáñez,Cotoca,False,18,col_18,2,TOTAL ES,True,Total,total,total,,,,,,,,,Santa Cruz,2023,False
2,4.1.8,116,SANTA CRUZ,Andrés Ibáñez,La Guardia,False,18,col_18,5,TOTAL ES,True,Total,total,total,,,,,,,,,Santa Cruz,2023,False
3,4.1.8,116,SANTA CRUZ,Andrés Ibáñez,El Torno,False,18,col_18,1,TOTAL ES,True,Total,total,total,,,,,,,,,Santa Cruz,2023,False
4,4.1.8,116,SANTA CRUZ,Warnes,Warnes,False,18,col_18,4,TOTAL ES,True,Total,total,total,,,,,,,,,Santa Cruz,2023,False
5,4.1.8,116,SANTA CRUZ,Velasco,San Ignacio,False,18,col_18,4,TOTAL ES,True,Total,total,total,,,,,,,,,Santa Cruz,2023,False
6,4.1.8,116,SANTA CRUZ,Ichilo,Buena Vista,False,18,col_18,2,TOTAL ES,True,Total,total,total,,,,,,,,,Santa Cruz,2023,False
7,4.1.8,116,SANTA CRUZ,Ichilo,Yapacani1,False,18,col_18,6,TOTAL ES,True,Total,total,total,,,,,,,,,Santa Cruz,2023,False
8,4.1.8,116,SANTA CRUZ,Chiquitos,San José,False,18,col_18,3,TOTAL ES,True,Total,total,total,,,,,,,,,Santa Cruz,2023,False
9,4.1.8,116,SANTA CRUZ,Chiquitos,Pailón,False,18,col_18,2,TOTAL ES,True,Total,total,total,,,,,,,,,Santa Cruz,2023,False
10,4.1.8,116,SANTA CRUZ,Chiquitos,Roboré,False,18,col_18,2,TOTAL ES,True,Total,total,total,,,,,,,,,Santa Cruz,2023,False
11,4.1.8,116,SANTA CRUZ,Sara,Portachuelo,False,18,col_18,2,TOTAL ES,True,Total,total,total,,,,,,,,,Santa Cruz,2023,False
12,4.1.8,116,SANTA CRUZ,Cordillera,Lagunillas,False,18,col_18,1,TOTAL ES,True,Total,total,total,,,,,,,,,Santa Cruz,2023,False
13,4.1.8,116,SANTA CRUZ,Cordillera,Charagua,False,18,col_18,1,TOTAL ES,True,Total,total,total,,,,,,,,,Santa Cruz,2023,False
14,4.1.8,116,SANTA CRUZ,Cordillera,Cabezas,False,18,col_18,1,TOTAL ES,True,Total,total,total,,,,,,,,,Santa Cruz,2023,False
15,4.1.8,116,SANTA CRUZ,Cordillera,Camiri2,False,18,col_18,11,TOTAL ES,True,Total,total,total,,,,,,,,,Santa Cruz,2023,False
16,4.1.8,116,SANTA CRUZ,Vallegrande,Vallegrande,False,18,col_18,5,TOTAL ES,True,Total,total,total,,,,,,,,,Santa Cruz,2023,False
17,4.1.8,116,SANTA CRUZ,Florida,Samaipata,False,18,col_18,3,TOTAL ES,True,Total,total,total,,,,,,,,,Santa Cruz,2023,False
18,4.1.8,116,SANTA CRUZ,Obispo Santiesteban,Montero,False,18,col_18,18,TOTAL ES,True,Total,total,total,,,,,,,,,Santa Cruz,2023,False
19,4.1.8,116,SANTA CRUZ,Obispo Santiesteban,Mineros,False,18,col_18,1,TOTAL ES,True,Total,total,total,,,,,,,,,Santa Cruz,2023,False
20,4.1.8,116,SANTA CRUZ,Ñuflo de Chávez,Concepción,False,18,col_18,5,TOTAL ES,True,Total,total,total,,,,,,,,,Santa Cruz,2023,False
21,4.1.8,116,SANTA CRUZ,Ñuflo de Chávez,San Julián,False,18,col_18,2,TOTAL ES,True,Total,total,total,,,,,,,,,Santa Cruz,2023,False
22,4.1.8,116,SANTA CRUZ,Ñuflo de Chávez,Cuatro Cañadas,False,18,col_18,1,TOTAL ES,True,Total,total,total,,,,,,,,,Santa Cruz,2023,False
23,4.1.8,116,SANTA CRUZ,Ángel Sandoval,San Matías,False,18,col_18,1,TOTAL ES,True,Total,total,total,,,,,,,,,Santa Cruz,2023,False
24,4.1.8,116,SANTA CRUZ,Manuel María Caballero,Comarapa,False,18,col_18,3,TOTAL ES,True,Total,total,total,,,,,,,,,Santa Cruz,2023,False
25,4.1.8,116,SANTA CRUZ,Manuel María Caballero,Saipina,False,18,col_18,1,TOTAL ES,True,Total,total,total,,,,,,,,,Santa Cruz,2023,False
26,4.1.8,116,SANTA CRUZ,German Bush,Puerto Suárez3,False,18,col_18,5,TOTAL ES,True,Total,total,total,,,,,,,,,Santa Cruz,2023,False
27,4.1.8,116,SANTA CRUZ,Guarayos,Guarayos,False,18,col_18,1,TOTAL ES,True,Total,total,total,,,,,,,,,Santa Cruz,2023,False
28,4.1.8,116,SANTA CRUZ,TOTALES,,False,18,col_18,93,TOTAL ES,True,Total,total,total,,,,,,,,,Santa Cruz,2023,False
1,4.1.4,112,COCHABAMBA,Campero,Aiquile,False,19,col_19,5,TOTALES,True,Total,total,total,,,,,,,,,Cochabamba,2023,False
2,4.1.4,112,COCHABAMBA,Ayopaya,Independencia,False,19,col_19,3,TOTALES,True,Total,total,total,,,,,,,,,Cochabamba,2023,False
3,4.1.4,112,COCHABAMBA,Ayopaya,Morochata,False,19,col_19,1,TOTALES,True,Total,total,total,,,,,,,,,Cochabamba,2023,False
4,4.1.4,112,COCHABAMBA,Esteban Arce,Tarata,False,19,col_19,2,TOTALES,True,Total,total,total,,,,,,,,,Cochabamba,2023,False
5,4.1.4,112,COCHABAMBA,Esteban Arce,Anzaldo,False,19,col_19,1,TOTALES,True,Total,total,total,,,,,,,,,Cochabamba,2023,False
6,4.1.4,112,COCHABAMBA,Arani,Arani,False,19,col_19,2,TOTALES,True,Total,total,total,,,,,,,,,Cochabamba,2023,False
7,4.1.4,112,COCHABAMBA,Arque,Arque,False,19,col_19,1,TOTALES,True,Total,total,total,,,,,,,,,Cochabamba,2023,False
8,4.1.4,112,COCHABAMBA,Capinota,Capinota,False,19,col_19,2,TOTALES,True,Total,total,total,,,,,,,,,Cochabamba,2023,False
9,4.1.4,112,COCHABAMBA,Capinota,Santiváñez,False,19,col_19,1,TOTALES,True,Total,total,total,,,,,,,,,Cochabamba,2023,False
10,4.1.4,112,COCHABAMBA,German Jordán Cliza,,False,19,col_19,4,TOTALES,True,Total,total,total,,,,,,,,,Cochabamba,2023,False
11,4.1.4,112,COCHABAMBA,Quillacollo,Quillacollo,False,19,col_19,24,TOTALES,True,Total,total,total,,,,,,,,,Cochabamba,2023,False
12,4.1.4,112,COCHABAMBA,Quillacollo,Sipe Sipe,False,19,col_19,2,TOTALES,True,Total,total,total,,,,,,,,,Cochabamba,2023,False
13,4.1.4,112,COCHABAMBA,Quillacollo,Colcapirhua,False,19,col_19,3,TOTALES,True,Total,total,total,,,,,,,,,Cochabamba,2023,False
14,4.1.4,112,COCHABAMBA,Quillacollo,Tiquipaya,False,19,col_19,4,TOTALES,True,Total,total,total,,,,,,,,,Cochabamba,2023,False
15,4.1.4,112,COCHABAMBA,Quillacollo,Vinto,False,19,col_19,4,TOTALES,True,Total,total,total,,,,,,,,,Cochabamba,2023,False
16,4.1.4,112,COCHABAMBA,Chapare,Sacaba,False,19,col_19,16,TOTALES,True,Total,total,total,,,,,,,,,Cochabamba,2023,False
17,4.1.4,112,COCHABAMBA,Chapare,Villa Tunari,False,19,col_19,7,TOTALES,True,Total,total,total,,,,,,,,,Cochabamba,2023,False
18,4.1.4,112,COCHABAMBA,Chapare,Colomi,False,19,col_19,1,TOTALES,True,Total,total,total,,,,,,,,,Cochabamba,2023,False
19,4.1.4,112,COCHABAMBA,Tapacari,Tapacari,False,19,col_19,1,TOTALES,True,Total,total,total,,,,,,,,,Cochabamba,2023,False
20,4.1.4,112,COCHABAMBA,Carrasco,Totora,False,19,col_19,2,TOTALES,True,Total,total,total,,,,,,,,,Cochabamba,2023,False
21,4.1.4,112,COCHABAMBA,Carrasco,Chimore,False,19,col_19,1,TOTALES,True,Total,total,total,,,,,,,,,Cochabamba,2023,False
22,4.1.4,112,COCHABAMBA,Carrasco,Ivirgarzama,False,19,col_19,6,TOTALES,True,Total,total,total,,,,,,,,,Cochabamba,2023,False
23,4.1.4,112,COCHABAMBA,Carrasco,Entre Rios,False,19,col_19,3,TOTALES,True,Total,total,total,,,,,,,,,Cochabamba,2023,False
24,4.1.4,112,COCHABAMBA,Mizque,Mizque,False,19,col_19,1,TOTALES,True,Total,total,total,,,,,,,,,Cochabamba,2023,False
25,4.1.4,112,COCHABAMBA,Punata,Punata,False,19,col_19,7,TOTALES,True,Total,total,total,,,,,,,,,Cochabamba,2023,False
26,4.1.4,112,COCHABAMBA,Tiraque,Tiraque,False,19,col_19,2,TOTALES,True,Total,total,total,,,,,,,,,Cochabamba,2023,False
27,4.1.4,112,COCHABAMBA,Tiraque,Shinahota,False,19,col_19,1,TOTALES,True,Total,total,total,,,,,,,,,Cochabamba,2023,False
28,4.1.4,112,COCHABAMBA,TOTALES,,False,19,col_19,107,TOTALES,True,Total,total,total,,,,,,,,,Cochabamba,2023,False
